,distance,velocity,minttc
0,10,10,0.589327889
1,10,10.4,0.589327884
2,10,10.8,0.589327884
3,10,11.2,0.589327666
4,10,11.6,0.589327666
5,10,12,0.589327666
6,10,12.4,0.589327666
7,10,12.8,0.589327666
8,10,13.2,0.589327666
9,10,13.6,0.589327666
10,10,14,0.589327884
11,10,14.4,0.589327666
12,10,14.8,0.589327666
13,10,15.2,0.589327666
14,10,15.6,0.589327666
15,10,16,0.589327666
16,10,16.4,0.589327666
17,10,16.8,0.589327666
18,10,17.2,0.589327667
19,10,17.6,0.589327885
20,10,18,0.509900047
21,10,18.4,0.509900047
22,10,18.8,0.322072096
23,10,19.2,0.322072096
24,10,19.6,0.322072096
25,10,20,0.322072096
26,10,20.4,0.322072096
27,10,20.8,0.322072096
28,10,21.2,0.322072096
29,10,21.6,0.322072145
30,10,22,0.322072145
31,10,22.4,0.589327862
32,10,22.8,0.589328111
33,10,23.2,0.589328111
34,10,23.6,0.589328111
35,10,24,0.589328111
36,10,24.4,0.589328111
37,10,24.8,0.58932787
38,10,25.2,0.58932787
39,10,25.6,0.58932787
40,10,26,0.589328111
41,10,26.4,0.589328111
42,10,26.8,0.589328111
43,10,27.2,0.589327685
44,10,27.6,0.589327685
45,10,28,0.589327878
46,10,28.4,0.589327878
47,10,28.8,0.589327878
48,10,29.2,0.589327685
49,10,29.6,0.589327685
50,10,30,0.589327685
51,12,10,0.873677954
52,12,10.4,0.873677968
53,12,10.8,0.873678084
54,12,11.2,0.873678084
55,12,11.6,0.873678084
56,12,12,0.873677968
57,12,12.4,0.873677968
58,12,12.8,0.873677968
59,12,13.2,0.873677968
60,12,13.6,0.873677968
61,12,14,0.873677968
62,12,14.4,0.873678084
63,12,14.8,0.873678084
64,12,15.2,0.873678084
65,12,15.6,0.873677968
66,12,16,0.873677968
67,12,16.4,0.873677968
68,12,16.8,0.873677968
69,12,17.2,0.873677968
70,12,17.6,0.828063362
71,12,18,0.873678083
72,12,18.4,0.873678083
73,12,18.8,0.321237531
74,12,19.2,0.32129883
75,12,19.6,0.321301045
76,12,20,0.321315173
77,12,20.4,0.321301045
78,12,20.8,0.321306829
79,12,21.2,0.321301069
80,12,21.6,0.321237531
81,12,22,0.321237556
82,12,22.4,0.321301045
83,12,22.8,0.866142642
84,12,23.2,0.873677927
85,12,23.6,0.873677927
86,12,24,0.873677927
87,12,24.4,0.873677927
88,12,24.8,0.873677926
89,12,25.2,0.873678092
90,12,25.6,0.873678093
91,12,26,0.873677927
92,12,26.4,0.873677927
93,12,26.8,0.873677927
94,12,27.2,0.873677954
95,12,27.6,0.873677954
96,12,28,0.873677954
97,12,28.4,0.873678088
98,12,28.8,0.873678088
99,12,29.2,0.873677954
100,12,29.6,0.873678088
101,12,30,0.873677954
102,14,10,1.090767301
103,14,10.4,1.090767723
104,14,10.8,1.090767723
105,14,11.2,1.090767723
106,14,11.6,1.090767301
107,14,12,1.090767723
108,14,12.4,1.090767723
109,14,12.8,1.090767723
110,14,13.2,1.090767723
111,14,13.6,1.090767723
112,14,14,1.090767723
113,14,14.4,1.090767723
114,14,14.8,1.090767723
115,14,15.2,1.090767723
116,14,15.6,1.090767723
117,14,16,1.090767723
118,14,16.4,1.090767723
119,14,16.8,1.090767723
120,14,17.2,1.090767723
121,14,17.6,1.090767723
122,14,18,1.045910773
123,14,18.4,1.045910773
124,14,18.8,1.045910773
125,14,19.2,0.321093888
126,14,19.6,0.320861419
127,14,20,0.320861419
128,14,20.4,0.320792829
129,14,20.8,0.320784806
130,14,21.2,0.320803134
131,14,21.6,0.320803134
132,14,22,0.320861419
133,14,22.4,0.320786008
134,14,22.8,1.090767302
135,14,23.2,1.090767302
136,14,23.6,1.090767302
137,14,24,1.090767713
138,14,24.4,1.090767713
139,14,24.8,1.090767713
140,14,25.2,1.090767713
141,14,25.6,1.090767302
142,14,26,1.090767302
143,14,26.4,1.090767302
144,14,26.8,1.090767302
145,14,27.2,1.090767713
146,14,27.6,1.09076772
147,14,28,1.09076772
148,14,28.4,1.09076772
149,14,28.8,1.090767301
150,14,29.2,1.090767301
151,14,29.6,1.090767301
152,14,30,1.090767301
153,16,10,1.303290195
154,16,10.4,1.303290195
155,16,10.8,1.303290195
156,16,11.2,1.303290195
157,16,11.6,1.303290195
158,16,12,1.303289672
159,16,12.4,1.303289672
160,16,12.8,1.303289672
161,16,13.2,1.303290195
162,16,13.6,1.303290195
163,16,14,1.303290195
164,16,14.4,1.303290195
165,16,14.8,1.303290195
166,16,15.2,1.303289672
167,16,15.6,1.303289672
168,16,16,1.303289672
169,16,16.4,1.303289672
170,16,16.8,1.303290195
171,16,17.2,1.303290195
172,16,17.6,1.303290195
173,16,18,1.250565769
174,16,18.4,1.250565769
175,16,18.8,1.303289672
176,16,19.2,0.319288038
177,16,19.6,0.319288062
178,16,20,0.319804733
179,16,20.4,0.319813756
180,16,20.8,0.319797955
181,16,21.2,0.319808074
182,16,21.6,0.319808099
183,16,22,0.319288038
184,16,22.4,0.319288111
185,16,22.8,0.319288111
186,16,23.2,1.261104684
187,16,23.6,1.303290195
188,16,24,1.303290195
189,16,24.4,1.303290195
190,16,24.8,1.303290195
191,16,25.2,1.303289672
192,16,25.6,1.303290195
193,16,26,1.303290195
194,16,26.4,1.303290195
195,16,26.8,1.303290195
196,16,27.2,1.303289672
197,16,27.6,1.303289672
198,16,28,1.303289672
199,16,28.4,1.303290195
200,16,28.8,1.303290195
201,16,29.2,1.303290195
202,16,29.6,1.303289672
203,16,30,1.303290195
204,18,10,1.513498291
205,18,10.4,1.513498291
206,18,10.8,1.513498291
207,18,11.2,1.513497684
208,18,11.6,1.513497684
209,18,12,1.513498291
210,18,12.4,1.513498291
211,18,12.8,1.513498291
212,18,13.2,1.513498291
213,18,13.6,1.513498291
214,18,14,1.513497684
215,18,14.4,1.513497684
216,18,14.8,1.513498291
217,18,15.2,1.513498291
218,18,15.6,1.513498291
219,18,16,1.513498291
220,18,16.4,1.513497684
221,18,16.8,1.513498291
222,18,17.2,1.513497684
223,18,17.6,1.513498291
224,18,18,1.513498291
225,18,18.4,1.452269926
226,18,18.8,1.513497684
227,18,19.2,1.513497684
228,18,19.6,0.324526063
229,18,20,0.324420988
230,18,20.4,0.324421064
231,18,20.8,0.324421064
232,18,21.2,0.324418579
233,18,21.6,0.396383007
234,18,22,0.396383007
235,18,22.4,0.396383007
236,18,22.8,0.32441868
237,18,23.2,0.397129494
238,18,23.6,1.343354775
239,18,24,1.335250003
240,18,24.4,1.335249767
241,18,24.8,1.335249767
242,18,25.2,1.335249767
243,18,25.6,1.335250003
244,18,26,1.335249767
245,18,26.4,1.335249885
246,18,26.8,1.335249767
247,18,27.2,1.335250003
248,18,27.6,1.335249885
249,18,28,1.513498291
250,18,28.4,1.513498291
251,18,28.8,1.513498291
252,18,29.2,1.513498291
253,18,29.6,1.513498291
254,18,30,1.513498291
255,20,10,1.723705696
256,20,10.4,1.723705696
257,20,10.8,1.723706387
258,20,11.2,1.723706387
259,20,11.6,1.723706387
260,20,12,1.723706387
261,20,12.4,1.723706387
262,20,12.8,1.723705696
263,20,13.2,1.723705696
264,20,13.6,1.723705696
265,20,14,1.723706387
266,20,14.4,1.723706387
267,20,14.8,1.723706387
268,20,15.2,1.723706387
269,20,15.6,1.723705696
270,20,16,1.723705696
271,20,16.4,1.723705696
272,20,16.8,1.723706387
273,20,17.2,1.723706387
274,20,17.6,1.723706387
275,20,18,1.723706387
276,20,18.4,1.723706387
277,20,18.8,1.723705696
278,20,19.2,1.653974082
279,20,19.6,1.653974082
280,20,20,0.394785426
281,20,20.4,0.394662376
282,20,20.8,0.394660705
283,20,21.2,0.394662314
284,20,21.6,0.394662314
285,20,22,0.393878239
286,20,22.4,0.3938783
287,20,22.8,0.394660767
288,20,23.2,0.394662314
289,20,23.6,1.419228542
290,20,24,1.441718373
291,20,24.4,1.441515611
292,20,24.8,1.441515611
293,20,25.2,1.439955796
294,20,25.6,1.439955796
295,20,26,1.439955666
296,20,26.4,1.441655908
297,20,26.8,1.441582105
298,20,27.2,1.441655908
299,20,27.6,1.441655908
300,20,28,1.712886406
301,20,28.4,1.723705696
302,20,28.8,1.723705696
303,20,29.2,1.723705696
304,20,29.6,1.723706387
305,20,30,1.723706387
306,22,10,1.933914483
307,22,10.4,1.933914483
308,22,10.8,1.933914483
309,22,11.2,1.933914483
310,22,11.6,1.933914483
311,22,12,1.933914483
312,22,12.4,1.933914483
313,22,12.8,1.933914483
314,22,13.2,1.933914483
315,22,13.6,1.933914483
316,22,14,1.933914483
317,22,14.4,1.933914483
318,22,14.8,1.933914483
319,22,15.2,1.933914483
320,22,15.6,1.933914483
321,22,16,1.933913707
322,22,16.4,1.933913707
323,22,16.8,1.933913707
324,22,17.2,1.933913707
325,22,17.6,1.933914483
326,22,18,1.933914483
327,22,18.4,1.933914483
328,22,18.8,1.910523673
329,22,19.2,1.855678239
330,22,19.6,1.855678239
331,22,20,0.400002098
332,22,20.4,0.399871168
333,22,20.8,0.39987533
334,22,21.2,0.399875362
335,22,21.6,0.399871073
336,22,22,0.399871137
337,22,22.4,0.399876728
338,22,22.8,0.399876728
339,22,23.2,0.39902784
340,22,23.6,0.39902784
341,22,24,1.408152205
342,22,24.4,1.411557813
343,22,24.8,1.411557563
344,22,25.2,1.411612071
345,22,25.6,1.41150456
346,22,26,1.411416438
347,22,26.4,1.41146131
348,22,26.8,1.411504435
349,22,27.2,1.41150456
350,22,27.6,1.408152205
351,22,28,1.408152205
352,22,28.4,1.906385919
353,22,28.8,1.906385919
354,22,29.2,1.906385919
355,22,29.6,1.906385919
356,22,30,1.906385919
357,24,10,2.141579272
358,24,10.4,2.144122579
359,24,10.8,2.144122579
360,24,11.2,2.144122579
361,24,11.6,2.144121719
362,24,12,2.144121719
363,24,12.4,2.144122579
364,24,12.8,2.144122579
365,24,13.2,2.144122579
366,24,13.6,2.144122579
367,24,14,2.144122579
368,24,14.4,2.144122579
369,24,14.8,2.144122579
370,24,15.2,2.144122579
371,24,15.6,2.144121719
372,24,16,2.144122579
373,24,16.4,2.144121719
374,24,16.8,2.144121719
375,24,17.2,2.144121719
376,24,17.6,2.144122579
377,24,18,2.144122579
378,24,18.4,2.144122579
379,24,18.8,2.144122579
380,24,19.2,2.144122579
381,24,19.6,1.920027891
382,24,20,1.920027891
383,24,20.4,0.395972245
384,24,20.8,0.395972214
385,24,21.2,0.396838985
386,24,21.6,0.396837452
387,24,22,0.396834761
388,24,22.4,0.396834761
389,24,22.8,0.396837483
390,24,23.2,0.396837483
391,24,23.6,0.395972276
392,24,24,1.477217014
393,24,24.4,1.481831349
394,24,24.8,1.481982402
395,24,25.2,1.481884358
396,24,25.6,1.482003216
397,24,26,1.481937502
398,24,26.4,1.481884358
399,24,26.8,1.481884358
400,24,27.2,1.477217014
401,24,27.6,1.477216884
402,24,28,1.481884358
403,24,28.4,1.481884489
404,24,28.8,1.921693942
405,24,29.2,1.92370087
406,24,29.6,1.92370087
407,24,30,1.92370087
408,26,10,2.346598805
409,26,10.4,2.354329731
410,26,10.8,2.354329731
411,26,11.2,2.354330675
412,26,11.6,2.354330675
413,26,12,2.354330675
414,26,12.4,2.354329731
415,26,12.8,2.354330675
416,26,13.2,2.354330675
417,26,13.6,2.354330675
418,26,14,2.354329731
419,26,14.4,2.354330675
420,26,14.8,2.354330675
421,26,15.2,2.354330675
422,26,15.6,2.354330675
423,26,16,2.354330675
424,26,16.4,2.354330675
425,26,16.8,2.354330675
426,26,17.2,2.354330675
427,26,17.6,2.354330675
428,26,18,2.354330675
429,26,18.4,2.354330675
430,26,18.8,2.354330675
431,26,19.2,1.92782258
432,26,19.6,1.925546052
433,26,20,1.925546052
434,26,20.4,1.925546052
435,26,20.8,0.476933022
436,26,21.2,0.393596159
437,26,21.6,0.393600498
438,26,22,0.393596128
439,26,22.4,0.393600498
440,26,22.8,0.393600529
441,26,23.2,0.393600529
442,26,23.6,0.393601483
443,26,24,0.476933022
444,26,24.4,1.586467248
445,26,24.8,1.580946022
446,26,25.2,1.581002635
447,26,25.6,1.580982061
448,26,26,1.580982061
449,26,26.4,1.581002635
450,26,26.8,1.581002635
451,26,27.2,1.575089235
452,26,27.6,1.580981919
453,26,28,1.581063508
454,26,28.4,1.581002635
455,26,28.8,1.930239259
456,26,29.2,1.932504499
457,26,29.6,1.932489929
458,26,30,1.931512395
459,28,10,2.564537742
460,28,10.4,2.564538771
461,28,10.8,2.564538771
462,28,11.2,2.564538771
463,28,11.6,2.564538771
464,28,12,2.564538771
465,28,12.4,2.564538771
466,28,12.8,2.564538771
467,28,13.2,2.564537742
468,28,13.6,2.564538771
469,28,14,2.564538771
470,28,14.4,2.564538771
471,28,14.8,2.564538771
472,28,15.2,2.564538771
473,28,15.6,2.564538771
474,28,16,2.564538771
475,28,16.4,2.564537742
476,28,16.8,2.564537742
477,28,17.2,2.564538771
478,28,17.6,2.564538771
479,28,18,2.564537742
480,28,18.4,2.564538771
481,28,18.8,2.564538771
482,28,19.2,2.564538771
483,28,19.6,2.564538771
484,28,20,1.943802435
485,28,20.4,1.939488494
486,28,20.8,0.473886797
487,28,21.2,0.473701234
488,28,21.6,0.473701272
489,28,22,0.473690878
490,28,22.4,0.473690878
491,28,22.8,0.473690878
492,28,23.2,0.472568652
493,28,23.6,0.47256869
494,28,24,0.473689235
495,28,24.4,1.650175963
496,28,24.8,1.644864241
497,28,25.2,1.644853978
498,28,25.6,1.644818061
499,28,26,1.644853978
500,28,26.4,1.644853978
501,28,26.8,1.638062906
502,28,27.2,1.638062906
503,28,27.6,1.644928602
504,28,28,1.644874943
505,28,28.4,1.644817915
506,28,28.8,1.644853978
507,28,29.2,1.944118155
508,28,29.6,1.951285527
509,28,30,1.951301355
510,30,10,2.774745754
511,30,10.4,2.773215789
512,30,10.8,2.773215789
513,30,11.2,2.773182451
514,30,11.6,2.773215789
515,30,12,2.773236904
516,30,12.4,2.773204676
517,30,12.8,2.773215789
518,30,13.2,2.774745754
519,30,13.6,2.773204676
520,30,14,2.773215789
521,30,14.4,2.773215789
522,30,14.8,2.773193564
523,30,15.2,2.773225791
524,30,15.6,2.773204676
525,30,16,2.773204676
526,30,16.4,2.774745754
527,30,16.8,2.773225791
528,30,17.2,2.773204676
529,30,17.6,2.773215789
530,30,18,2.773182451
531,30,18.4,2.773215789
532,30,18.8,2.773204676
533,30,19.2,2.773225791
534,30,19.6,0
535,30,20,1.95181907
536,30,20.4,1.951835666
537,30,20.8,0.477483374
538,30,21.2,0.477483374
539,30,21.6,0.478677747
540,30,22,0.478678059
541,30,22.4,0.478677747
542,30,22.8,0.478678059
543,30,23.2,0.478677747
544,30,23.6,0.477483413
545,30,24,0.47867802
546,30,24.4,0.478677747
547,30,24.8,1.709545155
548,30,25.2,1.704155271
549,30,25.6,1.704221353
550,30,26,1.704221353
551,30,26.4,1.732328045
552,30,26.8,1.704214278
553,30,27.2,1.704221353
554,30,27.6,1.704221353
555,30,28,1.704221353
556,30,28.4,1.704176194
557,30,28.8,1.70415497
558,30,29.2,1.960202684
559,30,29.6,1.963872689
560,30,30,1.963863607
561,32,10,2.944233764
562,32,10.4,2.969554377
563,32,10.8,2.96955793
564,32,11.2,2.969498708
565,32,11.6,2.969538979
566,32,12,2.969578066
567,32,12.4,2.969538979
568,32,12.8,2.984953766
569,32,13.2,2.969561484
570,32,13.6,2.96955793
571,32,14,2.984953766
572,32,14.4,2.984953766
573,32,14.8,2.969541348
574,32,15.2,2.96955793
575,32,15.6,2.969517659
576,32,16,2.969517659
577,32,16.4,2.984953766
578,32,16.8,2.969541348
579,32,17.2,2.984953766
580,32,17.6,2.984953766
581,32,18,2.969541348
582,32,18.4,2.96955793
583,32,18.8,2.969538979
584,32,19.2,2.969538979
585,32,19.6,2.969517659
586,32,20,1.978198851
587,32,20.4,1.972161177
588,32,20.8,1.976729631
589,32,21.2,0.473854865
590,32,21.6,0.473641169
591,32,22,0.473646289
592,32,22.4,0.473716214
593,32,22.8,0.562432054
594,32,23.2,0.562432054
595,32,23.6,0.47364625
596,32,24,0.562432148
597,32,24.4,0.473651179
598,32,24.8,0.473646289
599,32,25.2,1.690805939
600,32,25.6,1.79534097
601,32,26,1.79534097
602,32,26.4,1.787235656
603,32,26.8,1.795309911
604,32,27.2,1.787235974
605,32,27.6,1.787235656
606,32,28,1.79534129
607,32,28.4,1.79534129
608,32,28.8,1.79534129
609,32,29.2,1.79534145
610,32,29.6,1.977100127
611,32,30,1.979176203
612,34,10,3.195161777
613,34,10.4,3.195161777
614,34,10.8,3.195161777
615,34,11.2,3.167586011
616,34,11.6,3.167584752
617,34,12,3.167584752
618,34,12.4,3.167584752
619,34,12.8,3.195161777
620,34,13.2,3.195161777
621,34,13.6,3.195161777
622,34,14,3.195161777
623,34,14.4,3.167604897
624,34,14.8,3.167602378
625,34,15.2,3.167584752
626,34,15.6,3.167584752
627,34,16,3.167584752
628,34,16.4,3.195161777
629,34,16.8,3.195161777
630,34,17.2,3.195161777
631,34,17.6,3.195161777
632,34,18,3.167586011
633,34,18.4,3.16754824
634,34,18.8,3.167602378
635,34,19.2,3.167584752
636,34,19.6,3.195161777
637,34,20,0
638,34,20.4,1.990078868
639,34,20.8,1.990078868
640,34,21.2,0.557671571
641,34,21.6,0.557412221
642,34,22,0.557412314
643,34,22.4,0.557418703
644,34,22.8,0.557418703
645,34,23.2,0.555907037
646,34,23.6,0.555907129
647,34,24,0.555907037
648,34,24.4,0.557418564
649,34,24.8,0.557409119
650,34,25.2,1.796882818
651,34,25.6,1.791152111
652,34,26,1.791151958
653,34,26.4,1.81916345
654,34,26.8,1.819163608
655,34,27.2,1.81916345
656,34,27.6,1.819163608
657,34,28,1.791115702
658,34,28.4,1.791121515
659,34,28.8,1.791121515
660,34,29.2,1.79109245
661,34,29.6,1.994723204
662,34,30,1.997376829
663,36,10,3.405369789
664,36,10.4,3.405369789
665,36,10.8,3.367720662
666,36,11.2,3.367671256
667,36,11.6,3.367687279
668,36,12,3.367687279
669,36,12.4,3.367687279
670,36,12.8,3.405369789
671,36,13.2,3.405369789
672,36,13.6,3.405369789
673,36,14,3.367720662
674,36,14.4,3.367687279
675,36,14.8,3.367671256
676,36,15.2,3.367703303
677,36,15.6,3.367687279
678,36,16,3.367687279
679,36,16.4,3.405369789
680,36,16.8,3.405369789
681,36,17.2,3.405369789
682,36,17.6,3.405369789
683,36,18,3.367687279
684,36,18.4,3.367653897
685,36,18.8,3.367703303
686,36,19.2,3.367687279
687,36,19.6,3.367703303
688,36,20,3.405369789
689,36,20.4,0
690,36,20.8,0
691,36,21.2,0
692,36,21.6,0.645871133
693,36,22,0.645576821
694,36,22.4,0.645567106
695,36,22.8,0.645588304
696,36,23.2,0.643716773
697,36,23.6,0.643716718
698,36,24,0.643716718
699,36,24.4,0.645574613
700,36,24.8,0.645576821
701,36,25.2,0.645565008
702,36,25.6,1.878324003
703,36,26,1.872107891
704,36,26.4,1.872107891
705,36,26.8,1.863488783
706,36,27.2,1.863488783
707,36,27.6,1.863488783
708,36,28,1.872145976
709,36,28.4,1.872043133
710,36,28.8,1.872037831
711,36,29.2,1.872102427
712,36,29.6,1.872102266
713,36,30,2.01570052
714,38,10,3.615577801
715,38,10.4,3.615577801
716,38,10.8,3.56923754
717,38,11.2,3.569853588
718,38,11.6,3.569220588
719,38,12,3.569206461
720,38,12.4,3.569220588
721,38,12.8,3.569220588
722,38,13.2,3.615577801
723,38,13.6,3.615577801
724,38,14,3.615577801
725,38,14.4,3.56923754
726,38,14.8,3.569236128
727,38,15.2,3.569236128
728,38,15.6,3.569236128
729,38,16,3.569236128
730,38,16.4,3.615577801
731,38,16.8,3.615577801
732,38,17.2,3.615577801
733,38,17.6,3.615577801
734,38,18,3.569222001
735,38,18.4,3.569206461
736,38,18.8,3.569236128
737,38,19.2,3.569206461
738,38,19.6,3.569236128
739,38,20,3.615577801
740,38,20.4,0
741,38,20.8,0
742,38,21.2,0
743,38,21.6,0.637329818
744,38,22,0.637019157
745,38,22.4,0.637017061
746,38,22.8,0.637023618
747,38,23.2,0.635181518
748,38,23.6,0.635181465
749,38,24,0.635181465
750,38,24.4,0.637012492
751,38,24.8,0.637017061
752,38,25.2,0.637017007
753,38,25.6,1.918358988
754,38,26,1.912079522
755,38,26.4,1.912047238
756,38,26.8,1.903332321
757,38,27.2,1.903332321
758,38,27.6,1.903332321
759,38,28,1.912046754
760,38,28.4,1.912032872
761,38,28.8,1.912046915
762,38,29.2,1.91205773
763,38,29.6,1.912047238
764,38,30,1.91205773
765,40,10,3.825785812
766,40,10.4,3.825785812
767,40,10.8,3.771799459
768,40,11.2,3.771811387
769,40,11.6,3.771811387
770,40,12,3.771811387
771,40,12.4,3.771799459
772,40,12.8,3.771811387
773,40,13.2,3.771811387
774,40,13.6,3.825785812
775,40,14,3.825785812
776,40,14.4,3.771799459
777,40,14.8,3.771811387
778,40,15.2,3.77178455
779,40,15.6,3.771799459
780,40,16,3.771811387
781,40,16.4,3.771826296
782,40,16.8,3.771811387
783,40,17.2,3.825785812
784,40,17.6,3.825785812
785,40,18,3.771812877
786,40,18.4,3.771811387
787,40,18.8,3.771799459
788,40,19.2,3.771811387
789,40,19.6,3.771811387
790,40,20,3.825785812
791,40,20.4,3.825785812
792,40,20.8,0
793,40,21.2,0
794,40,21.6,0
795,40,22,0.641862501
796,40,22.4,0.641540537
797,40,22.8,0.641540592
798,40,23.2,0.641551768
799,40,23.6,0.639875513
800,40,24,0.639875513
801,40,24.4,0.641551768
802,40,24.8,0.641569486
803,40,25.2,0.641540592
804,40,25.6,0.641540537
805,40,26,1.95571113
806,40,26.4,1.94978871
807,40,26.8,1.94978871
808,40,27.2,1.942180397
809,40,27.6,1.942180237
810,40,28,1.949794375
811,40,28.4,1.94978871
812,40,28.8,1.949751808
813,40,29.2,1.949788872
814,40,29.6,1.949788548
815,40,30,1.949788548
816,42,10,4.035993824
817,42,10.4,4.035993824
818,42,10.8,3.97517104
819,42,11.2,3.975158482
820,42,11.6,3.97517104
821,42,12,3.97517104
822,42,12.4,3.975182029
823,42,12.8,3.975194587
824,42,13.2,4.035993824
825,42,13.6,4.035993824
826,42,14,3.975196157
827,42,14.4,3.975194587
828,42,14.8,3.975182029
829,42,15.2,3.975158482
830,42,15.6,3.975182029
831,42,16,3.975182029
832,42,16.4,3.975194587
833,42,16.8,4.035993824
834,42,17.2,3.975183598
835,42,17.6,3.975182029
836,42,18,3.97517104
837,42,18.4,3.97517104
838,42,18.8,3.975182029
839,42,19.2,3.975182029
840,42,19.6,3.97517104
841,42,20,4.035993824
842,42,20.4,4.035993824
843,42,20.8,0
844,42,21.2,0
845,42,21.6,0
846,42,22,0.7340417
847,42,22.4,0.733647079
848,42,22.8,0.733647014
849,42,23.2,0.731355492
850,42,23.6,0.731355492
851,42,24,0.733647079
852,42,24.4,0.733658051
853,42,24.8,0.733647079
854,42,25.2,0.733647014
855,42,25.6,0.73365465
856,42,26,1.995471543
857,42,26.4,2.027289169
858,42,26.8,2.039847732
859,42,27.2,2.027289
860,42,27.6,2.027289169
861,42,28,2.027289169
862,42,28.4,2.027277342
863,42,28.8,2.027289337
864,42,29.2,2.027289169
865,42,29.6,2.027277342
866,42,30,2.039847732
867,44,10,4.246201836
868,44,10.4,4.17917621
869,44,10.8,4.179164666
870,44,11.2,4.179153122
871,44,11.6,4.179164666
872,44,12,4.179153122
873,44,12.4,4.179153122
874,44,12.8,4.179164666
875,44,13.2,4.246201836
876,44,13.6,4.179164666
877,44,14,4.17917621
878,44,14.4,4.179164666
879,44,14.8,4.179164666
880,44,15.2,4.179153122
881,44,15.6,4.179153122
882,44,16,4.179164666
883,44,16.4,4.179164666
884,44,16.8,4.246201836
885,44,17.2,4.179154771
886,44,17.6,4.179164666
887,44,18,4.246201836
888,44,18.4,4.17917621
889,44,18.8,4.17917621
890,44,19.2,4.179164666
891,44,19.6,4.179164666
892,44,20,4.246201836
893,44,20.4,4.179164666
894,44,20.8,0.182002012
895,44,21.2,0
896,44,21.6,0
897,44,22,0
898,44,22.4,0.718802152
899,44,22.8,0.718410882
900,44,23.2,0.718410882
901,44,23.6,0.716122734
902,44,24,0.718410944
903,44,24.4,0.718410882
904,44,24.8,0.718410882
905,44,25.2,0.718410944
906,44,25.6,0.718410882
907,44,26,0.718410882
908,44,26.4,2.048287246
909,44,26.8,2.04932923
910,44,27.2,2.048593572
911,44,27.6,2.048575161
912,44,28,2.048593572
913,44,28.4,2.048593572
914,44,28.8,2.048539542
915,44,29.2,2.048575161
916,44,29.6,2.048593572
917,44,30,2.04932923
918,46,10,4.364818518
919,46,10.4,4.383633979
920,46,10.8,4.456409847
921,46,11.2,4.383623605
922,46,11.6,4.383623605
923,46,12,4.383633979
924,46,12.4,4.383644352
925,46,12.8,4.383644352
926,46,13.2,4.383644352
927,46,13.6,4.383633979
928,46,14,4.383623605
929,46,14.4,4.383633979
930,46,14.8,4.456409847
931,46,15.2,4.383633979
932,46,15.6,4.383633979
933,46,16,4.383623605
934,46,16.4,4.383623605
935,46,16.8,4.456409847
936,46,17.2,4.383623605
937,46,17.6,4.383623605
938,46,18,4.456409847
939,46,18.4,4.383623605
940,46,18.8,4.383633979
941,46,19.2,4.383644352
942,46,19.6,4.383644352
943,46,20,4.383644352
944,46,20.4,4.383644352
945,46,20.8,4.383633979
946,46,21.2,0.250761842
947,46,21.6,0
948,46,22,0
949,46,22.4,0.810325056
950,46,22.8,0.809847782
951,46,23.2,0.809847782
952,46,23.6,0.807131154
953,46,24,0.809810682
954,46,24.4,0.809839609
955,46,24.8,0.807131083
956,46,25.2,0.807131083
957,46,25.6,0.809839609
958,46,26,0.809839609
959,46,26.4,0.809839609
960,46,26.8,0.809839609
961,46,27.2,2.053084079
962,46,27.6,2.050237715
963,46,28,2.050287097
964,46,28.4,2.053084079
965,46,28.8,2.050306413
966,46,29.2,2.050303497
967,46,29.6,2.050287097
968,46,30,2.050287097
969,48,10,4.666617859
970,48,10.4,4.589453462
971,48,10.8,4.58946432
972,48,11.2,4.666617859
973,48,11.6,4.666617859
974,48,12,4.589458891
975,48,12.4,4.589449843
976,48,12.8,4.58946432
977,48,13.2,4.589458891
978,48,13.6,4.666617859
979,48,14,4.666617859
980,48,14.4,4.666617859
981,48,14.8,4.666617859
982,48,15.2,4.589458891
983,48,15.6,4.58946432
984,48,16,4.589453462
985,48,16.4,4.589453462
986,48,16.8,4.666617859
987,48,17.2,4.666617859
988,48,17.6,4.666617859
989,48,18,4.666617859
990,48,18.4,4.589458891
991,48,18.8,4.589449843
992,48,19.2,4.589453462
993,48,19.6,4.589453462
994,48,20,4.589449843
995,48,20.4,4.666617859
996,48,20.8,4.666617859
997,48,21.2,0.253906173
998,48,21.6,0
999,48,22,0
1000,48,22.4,0.795447311
1001,48,22.8,0.794989931
1002,48,23.2,0.794981301
1003,48,23.6,0.794981301
1004,48,24,0.792284144
1005,48,24.4,0.792284144
1006,48,24.8,0.792284212
1007,48,25.2,0.792284212
1008,48,25.6,0.794986986
1009,48,26,0.79497589
1010,48,26.4,0.794981233
1011,48,26.8,2.051117758
1012,48,27.2,2.054905387
1013,48,27.6,2.053323803
1014,48,28,2.053323803
1015,48,28.4,2.053323803
1016,48,28.8,2.054879944
1017,48,29.2,2.054902824
1018,48,29.6,2.0549182
1019,48,30,2.054902824
1020,50,10,4.777712068
1021,50,10.4,4.7961856
1022,50,10.8,4.796179927
1023,50,11.2,4.7961856
1024,50,11.6,4.7961856
1025,50,12,4.7961856
1026,50,12.4,4.796191274
1027,50,12.8,4.876825871
1028,50,13.2,4.876825871
1029,50,13.6,4.796179927
1030,50,14,4.796191274
1031,50,14.4,4.7961856
1032,50,14.8,4.7961856
1033,50,15.2,4.7961856
1034,50,15.6,4.876825871
1035,50,16,4.876825871
1036,50,16.4,4.876825871
1037,50,16.8,4.7961856
1038,50,17.2,4.796191274
1039,50,17.6,4.7961856
1040,50,18,4.7961856
1041,50,18.4,4.796191274
1042,50,18.8,4.7961856
1043,50,19.2,4.7961856
1044,50,19.6,4.876825871
1045,50,20,4.876825871
1046,50,20.4,4.796191274
1047,50,20.8,4.7961856
1048,50,21.2,4.796191274
1049,50,21.6,0.252251618
1050,50,22,0
1051,50,22.4,0
1052,50,22.8,0.8871045
1053,50,23.2,0.883310532
1054,50,23.6,0.886510128
1055,50,24,0.886519341
1056,50,24.4,0.886519185
1057,50,24.8,0.886510363
1058,50,25.2,0.886504585
1059,50,25.6,0.886510285
1060,50,26,0.886504585
1061,50,26.4,0.886510285
1062,50,26.8,2.052424633
1063,50,27.2,2.051453979
1064,50,27.6,2.05062476
1065,50,28,2.05062476
1066,50,28.4,2.05062476
1067,50,28.8,2.05062476
1068,50,29.2,2.051425311
1069,50,29.6,2.05139644
1070,50,30,2.051406678
1071,52,10,4.983892637
1072,52,10.4,5.087033882
1073,52,10.8,5.087033882
1074,52,11.2,5.087033882
1075,52,11.6,5.002917738
1076,52,12,5.002923656
1077,52,12.4,5.002917738
1078,52,12.8,5.002917738
1079,52,13.2,5.002917738
1080,52,13.6,5.002923656
1081,52,14,5.087033882
1082,52,14.4,5.087033882
1083,52,14.8,5.087033882
1084,52,15.2,5.002929574
1085,52,15.6,5.00291182
1086,52,16,5.002923656
1087,52,16.4,5.002923656
1088,52,16.8,5.002917738
1089,52,17.2,5.002917738
1090,52,17.6,5.087033882
1091,52,18,5.087033882
1092,52,18.4,5.087033882
1093,52,18.8,5.002923656
1094,52,19.2,5.00291182
1095,52,19.6,5.002923656
1096,52,20,5.002929574
1097,52,20.4,5.002941411
1098,52,20.8,5.002917738
1099,52,21.2,5.002923656
1100,52,21.6,0.250315796
1101,52,22,0
1102,52,22.4,0
1103,52,22.8,0.981164702
1104,52,23.2,0.980503242
1105,52,23.6,0.980450526
1106,52,24,0.980450526
1107,52,24.4,0.976658966
1108,52,24.8,0.976658966
1109,52,25.2,0.980477236
1110,52,25.6,0.980434131
1111,52,26,0.980434131
1112,52,26.4,0.980450526
1113,52,26.8,2.056023073
1114,52,27.2,2.053352319
1115,52,27.6,2.054496201
1116,52,28,2.054496201
1117,52,28.4,2.053349036
1118,52,28.8,2.053390477
1119,52,29.2,2.053349036
1120,52,29.6,2.053361345
1121,52,30,2.053335086
1122,54,10,5.190126076
1123,54,10.4,5.209649876
1124,54,10.8,5.297241894
1125,54,11.2,5.209656039
1126,54,11.6,5.209649876
1127,54,12,5.209649876
1128,54,12.4,5.209656039
1129,54,12.8,5.209637551
1130,54,13.2,5.209649876
1131,54,13.6,5.209643713
1132,54,14,5.297241894
1133,54,14.4,5.209649876
1134,54,14.8,5.209649876
1135,54,15.2,5.209643713
1136,54,15.6,5.209643713
1137,54,16,5.209649876
1138,54,16.4,5.209649876
1139,54,16.8,5.209649876
1140,54,17.2,5.297241894
1141,54,17.6,5.297241894
1142,54,18,5.209656039
1143,54,18.4,5.209643713
1144,54,18.8,5.209649876
1145,54,19.2,5.209643713
1146,54,19.6,5.209662201
1147,54,20,5.209649876
1148,54,20.4,5.297241894
1149,54,20.8,5.297241894
1150,54,21.2,5.297241894
1151,54,21.6,0.322608345
1152,54,22,0.252239027
1153,54,22.4,0.25225012
1154,54,22.8,0.252250101
1155,54,23.2,0.958267742
1156,54,23.6,0.953897542
1157,54,24,0.953897542
1158,54,24.4,0.953897542
1159,54,24.8,0.957667312
1160,54,25.2,0.957667312
1161,54,25.6,0.957667312
1162,54,26,0.957667312
1163,54,26.4,0.957667312
1164,54,26.8,0.957667312
1165,54,27.2,2.059083923
1166,54,27.6,2.059083736
1167,54,28,2.056098242
1168,54,28.4,2.056095529
1169,54,28.8,2.056095529
1170,54,29.2,2.056095529
1171,54,29.6,2.056084674
1172,54,30,2.055808568
1173,56,10,5.507449906
1174,56,10.4,5.507449906
1175,56,10.8,5.507449906
1176,56,11.2,5.507449906
1177,56,11.6,5.416375607
1178,56,12,5.416375607
1179,56,12.4,5.416382014
1180,56,12.8,5.416382014
1181,56,13.2,5.416388421
1182,56,13.6,5.507449906
1183,56,14,5.507449906
1184,56,14.4,5.507449906
1185,56,14.8,5.4163692
1186,56,15.2,5.416375607
1187,56,15.6,5.416382014
1188,56,16,5.4163692
1189,56,16.4,5.416382014
1190,56,16.8,5.416375607
1191,56,17.2,5.507449906
1192,56,17.6,5.507449906
1193,56,18,5.416382014
1194,56,18.4,5.416382014
1195,56,18.8,5.416375607
1196,56,19.2,5.416388421
1197,56,19.6,5.416382014
1198,56,20,5.4163692
1199,56,20.4,5.507449906
1200,56,20.8,5.507449906
1201,56,21.2,5.416382014
1202,56,21.6,5.416388421
1203,56,22,0.325913625
1204,56,22.4,0.250518868
1205,56,22.8,0.250531119
1206,56,23.2,1.049719726
1207,56,23.6,1.049719726
1208,56,24,1.044593209
1209,56,24.4,1.044593116
1210,56,24.8,1.044593116
1211,56,25.2,1.048974423
1212,56,25.6,1.048967209
1213,56,26,1.048929639
1214,56,26.4,1.048967302
1215,56,26.8,1.048980982
1216,56,27.2,2.059033304
1217,56,27.6,2.057320186
1218,56,28,2.057320186
1219,56,28.4,2.060174014
1220,56,28.8,2.060312256
1221,56,29.2,2.060312256
1222,56,29.6,2.060312256
1223,56,30,2.06036267
1224,58,10,5.603103966
1225,58,10.4,5.717657917
1226,58,10.8,5.717657917
1227,58,11.2,5.623114152
1228,58,11.6,5.623100849
1229,58,12,5.623114152
1230,58,12.4,5.623120804
1231,58,12.8,5.623114152
1232,58,13.2,5.6231075
1233,58,13.6,5.6231075
1234,58,14,5.717657917
1235,58,14.4,5.717657917
1236,58,14.8,5.623127456
1237,58,15.2,5.623127456
1238,58,15.6,5.623114152
1239,58,16,5.623114152
1240,58,16.4,5.623114152
1241,58,16.8,5.623120804
1242,58,17.2,5.623114152
1243,58,17.6,5.717657917
1244,58,18,5.6231075
1245,58,18.4,5.623114152
1246,58,18.8,5.623114152
1247,58,19.2,5.623114152
1248,58,19.6,5.623114152
1249,58,20,5.623114152
1250,58,20.4,5.623114152
1251,58,20.8,5.717657917
1252,58,21.2,5.717657917
1253,58,21.6,5.623120804
1254,58,22,0.394829372
1255,58,22.4,0.253600573
1256,58,22.8,0.253611019
1257,58,23.2,0.253611019
1258,58,23.6,1.142106323
1259,58,24,1.136227937
1260,58,24.4,1.136227937
1261,58,24.8,1.141260215
1262,58,25.2,1.141267564
1263,58,25.6,1.141339303
1264,58,26,1.141339199
1265,58,26.4,1.141252762
1266,58,26.8,1.141267564
1267,58,27.2,1.136227937
1268,58,27.6,2.063546047
1269,58,28,2.063249374
1270,58,28.4,2.063251629
1271,58,28.8,2.063240916
1272,58,29.2,2.063251629
1273,58,29.6,2.063251629
1274,58,30,2.063251629
1275,60,10,5.927865929
1276,60,10.4,5.927865929
1277,60,10.8,5.82984629
1278,60,11.2,5.829853186
1279,60,11.6,5.829853186
1280,60,12,5.829832497
1281,60,12.4,5.82984629
1282,60,12.8,5.82984629
1283,60,13.2,5.82984629
1284,60,13.6,5.927865929
1285,60,14,5.82984629
1286,60,14.4,5.829853186
1287,60,14.8,5.82984629
1288,60,15.2,5.829853186
1289,60,15.6,5.829853186
1290,60,16,5.82984629
1291,60,16.4,5.82984629
1292,60,16.8,5.927865929
1293,60,17.2,5.927865929
1294,60,17.6,5.829853186
1295,60,18,5.82984629
1296,60,18.4,5.829853186
1297,60,18.8,5.82984629
1298,60,19.2,5.82984629
1299,60,19.6,5.82984629
1300,60,20,5.927865929
1301,60,20.4,5.927865929
1302,60,20.8,5.829853186
1303,60,21.2,5.829839394
1304,60,21.6,5.82984629
1305,60,22,0.397134476
1306,60,22.4,0.251595807
1307,60,22.8,0.251613597
1308,60,23.2,0.251239857
1309,60,23.6,1.20233157
1310,60,24,1.207842488
1311,60,24.4,1.207858575
1312,60,24.8,1.207858466
1313,60,25.2,1.207858684
1314,60,25.6,1.207858684
1315,60,26,1.207858684
1316,60,26.4,1.207858684
1317,60,26.8,1.20233157
1318,60,27.2,1.20787401
1319,60,27.6,2.066630667
1320,60,28,2.065440725
1321,60,28.4,2.065440725
1322,60,28.8,2.065440725
1323,60,29.2,2.065425191
1324,60,29.6,2.065425191
1325,60,30,2.065425191
1326,62,10,6.138073941
1327,62,10.4,6.036564146
1328,62,10.8,6.036571287
1329,62,11.2,6.036578428
1330,62,11.6,6.036578428
1331,62,12,6.036578428
1332,62,12.4,6.036578428
1333,62,12.8,6.036578428
1334,62,13.2,6.138073941
1335,62,13.6,6.036578428
1336,62,14,6.036578428
1337,62,14.4,6.036571287
1338,62,14.8,6.036578428
1339,62,15.2,6.036571287
1340,62,15.6,6.036599851
1341,62,16,6.036578428
1342,62,16.4,6.036564146
1343,62,16.8,6.138073941
1344,62,17.2,6.036578428
1345,62,17.6,6.036578428
1346,62,18,6.036578428
1347,62,18.4,6.036571287
1348,62,18.8,6.036571287
1349,62,19.2,6.036578428
1350,62,19.6,6.036578428
1351,62,20,6.036578428
1352,62,20.4,6.138073941
1353,62,20.8,6.036578428
1354,62,21.2,6.036585569
1355,62,21.6,6.036578428
1356,62,22,0.476354876
1357,62,22.4,0.24942526
1358,62,22.8,0.249443024
1359,62,23.2,0.249443024
1360,62,23.6,0.323762799
1361,62,24,1.197166319
1362,62,24.4,1.196174814
1363,62,24.8,1.196073441
1364,62,25.2,1.196111067
1365,62,25.6,1.196073441
1366,62,26,1.196111174
1367,62,26.4,1.196111174
1368,62,26.8,1.196111174
1369,62,27.2,1.190450971
1370,62,27.6,2.071915697
1371,62,28,2.073313606
1372,62,28.4,2.068504841
1373,62,28.8,2.068512716
1374,62,29.2,2.068538309
1375,62,29.6,2.068523991
1376,62,30,2.068502335
1377,64,10,6.745051775
1378,64,10.4,6.633093786
1379,64,10.8,6.633093786
1380,64,11.2,6.633093786
1381,64,11.6,6.633101632
1382,64,12,6.633085939
1383,64,12.4,6.633101632
1384,64,12.8,6.633093786
1385,64,13.2,6.633093786
1386,64,13.6,6.745051775
1387,64,14,6.633093786
1388,64,14.4,6.633101632
1389,64,14.8,6.633093786
1390,64,15.2,6.633101632
1391,64,15.6,6.633101632
1392,64,16,6.633101632
1393,64,16.4,6.633101632
1394,64,16.8,6.745051775
1395,64,17.2,6.633093786
1396,64,17.6,6.633093786
1397,64,18,6.633085939
1398,64,18.4,6.633085939
1399,64,18.8,6.633093786
1400,64,19.2,6.633093786
1401,64,19.6,6.633093786
1402,64,20,6.633093786
1403,64,20.4,6.745051775
1404,64,20.8,6.633085939
1405,64,21.2,6.633093786
1406,64,21.6,6.745051775
1407,64,22,6.745051775
1408,64,22.4,0.319975075
1409,64,22.8,0.320317037
1410,64,23.2,0.32032308
1411,64,23.6,0.320317062
1412,64,24,1.248478198
1413,64,24.4,1.247229921
1414,64,24.8,1.247229921
1415,64,25.2,1.341299891
1416,64,25.6,1.247229921
1417,64,26,1.247229812
1418,64,26.4,1.247229812
1419,64,26.8,1.247229812
1420,64,27.2,1.341299891
1421,64,27.6,1.247254793
1422,64,28,2.075382278
1423,64,28.4,2.07616023
1424,64,28.8,2.07616023
1425,64,29.2,2.080720808
1426,64,29.6,2.080741637
1427,64,30,2.080741637
1428,66,10,6.955259787
1429,66,10.4,6.955259787
1430,66,10.8,6.839825924
1431,66,11.2,6.839834015
1432,66,11.6,6.955259787
1433,66,12,6.955259787
1434,66,12.4,6.839817833
1435,66,12.8,6.839842106
1436,66,13.2,6.839825924
1437,66,13.6,6.955259787
1438,66,14,6.839825924
1439,66,14.4,6.839825924
1440,66,14.8,6.955259787
1441,66,15.2,6.955259787
1442,66,15.6,6.839817833
1443,66,16,6.839825924
1444,66,16.4,6.839834015
1445,66,16.8,6.839834015
1446,66,17.2,6.955259787
1447,66,17.6,6.839825924
1448,66,18,6.955259787
1449,66,18.4,6.955259787
1450,66,18.8,6.955259787
1451,66,19.2,6.839825924
1452,66,19.6,6.839825924
1453,66,20,6.839817833
1454,66,20.4,6.839825924
1455,66,20.8,6.839817833
1456,66,21.2,6.955259787
1457,66,21.6,6.955259787
1458,66,22,6.955259787
1459,66,22.4,0.472439457
1460,66,22.8,0.395514216
1461,66,23.2,0.395537776
1462,66,23.6,0.395537745
1463,66,24,1.361770679
1464,66,24.4,1.462278559
1465,66,24.8,1.462278559
1466,66,25.2,1.462278559
1467,66,25.6,1.360282581
1468,66,26,1.360291404
1469,66,26.4,1.360247166
1470,66,26.8,1.360228908
1471,66,27.2,1.360228908
1472,66,27.6,1.360247044
1473,66,28,2.089183566
1474,66,28.4,2.089183566
1475,66,28.8,2.089183566
1476,66,29.2,2.095636032
1477,66,29.6,2.095633788
1478,66,30,2.095643324
1479,68,10,7.027423496
1480,68,10.4,7.165467798
1481,68,10.8,7.046558062
1482,68,11.2,7.046566397
1483,68,11.6,7.046558062
1484,68,12,7.046558062
1485,68,12.4,7.046558062
1486,68,12.8,7.046574733
1487,68,13.2,7.165467798
1488,68,13.6,7.165467798
1489,68,14,7.046549726
1490,68,14.4,7.046558062
1491,68,14.8,7.046549726
1492,68,15.2,7.046574733
1493,68,15.6,7.046558062
1494,68,16,7.046558062
1495,68,16.4,7.165467798
1496,68,16.8,7.165467798
1497,68,17.2,7.165467798
1498,68,17.6,7.046566397
1499,68,18,7.046558062
1500,68,18.4,7.046549726
1501,68,18.8,7.046549726
1502,68,19.2,7.046558062
1503,68,19.6,7.165467798
1504,68,20,7.165467798
1505,68,20.4,7.165467798
1506,68,20.8,7.165467798
1507,68,21.2,7.046549726
1508,68,21.6,7.046558062
1509,68,22,7.046566397
1510,68,22.4,7.046566397
1511,68,22.8,0.397725807
1512,68,23.2,0.398624494
1513,68,23.6,0.398621621
1514,68,24,0.398624462
1515,68,24.4,1.52092743
1516,68,24.8,1.519186349
1517,68,25.2,1.51927425
1518,68,25.6,1.51916347
1519,68,26,1.624645567
1520,68,26.4,1.519090785
1521,68,26.8,1.519186349
1522,68,27.2,1.519091219
1523,68,27.6,1.519186349
1524,68,28,2.09510099
1525,68,28.4,2.10320412
1526,68,28.8,2.097450808
1527,68,29.2,2.097450808
1528,68,29.6,2.103194779
1529,68,30,2.10320412
1530,70,10,7.234411042
1531,70,10.4,7.253281619
1532,70,10.8,7.25329878
1533,70,11.2,7.25329878
1534,70,11.6,7.25329878
1535,70,12,7.37567581
1536,70,12.4,7.37567581
1537,70,12.8,7.2532902
1538,70,13.2,7.25329878
1539,70,13.6,7.2532902
1540,70,14,7.2532902
1541,70,14.4,7.2532902
1542,70,14.8,7.2532902
1543,70,15.2,7.2532902
1544,70,15.6,7.37567581
1545,70,16,7.37567581
1546,70,16.4,7.25329878
1547,70,16.8,7.25329878
1548,70,17.2,7.2532902
1549,70,17.6,7.253281619
1550,70,18,7.25330736
1551,70,18.4,7.25329878
1552,70,18.8,7.37567581
1553,70,19.2,7.37567581
1554,70,19.6,7.25329878
1555,70,20,7.25332452
1556,70,20.4,7.25329878
1557,70,20.8,7.25329878
1558,70,21.2,7.25329878
1559,70,21.6,7.25329878
1560,70,22,7.25331594
1561,70,22.4,0.635659896
1562,70,22.8,0.476401213
1563,70,23.2,0.477674672
1564,70,23.6,0.477674749
1565,70,24,0.477674749
1566,70,24.4,1.814243043
1567,70,24.8,1.811587569
1568,70,25.2,1.846038464
1569,70,25.6,1.846038658
1570,70,26,1.846038658
1571,70,26.4,1.811641225
1572,70,26.8,1.811681096
1573,70,27.2,1.811681282
1574,70,27.6,1.811587756
1575,70,28,1.811681282
1576,70,28.4,2.103044987
1577,70,28.8,2.103044987
1578,70,29.2,2.103044987
1579,70,29.6,2.107051938
1580,70,30,2.107051938
1581,72,10,7.441504887
1582,72,10.4,7.441504887
1583,72,10.8,7.460013513
1584,72,11.2,7.585883822
1585,72,11.6,7.585883822
1586,72,12,7.585883822
1587,72,12.4,7.585883822
1588,72,12.8,7.460031162
1589,72,13.2,7.460022337
1590,72,13.6,7.460031162
1591,72,14,7.460031162
1592,72,14.4,7.460031162
1593,72,14.8,7.585883822
1594,72,15.2,7.585883822
1595,72,15.6,7.585883822
1596,72,16,7.585883822
1597,72,16.4,7.460013513
1598,72,16.8,7.459981156
1599,72,17.2,7.460031162
1600,72,17.6,7.460022337
1601,72,18,7.460031162
1602,72,18.4,7.460031162
1603,72,18.8,7.585883822
1604,72,19.2,7.585883822
1605,72,19.6,7.585883822
1606,72,20,7.460013513
1607,72,20.4,7.460031162
1608,72,20.8,7.460013513
1609,72,21.2,7.460022337
1610,72,21.6,7.460013513
1611,72,22,7.460022337
1612,72,22.4,0.636793758
1613,72,22.8,0.478675835
1614,72,23.2,0.480079847
1615,72,23.6,0.480079769
1616,72,24,0.480079808
1617,72,24.4,0.480079808
1618,72,24.8,2.051985827
1619,72,25.2,2.049262141
1620,72,25.6,2.049262369
1621,72,26,2.03054661
1622,72,26.4,2.030548621
1623,72,26.8,2.049117883
1624,72,27.2,2.049262141
1625,72,27.6,2.049262369
1626,72,28,2.049246212
1627,72,28.4,2.113849904
1628,72,28.8,2.119379582
1629,72,29.2,2.119387912
1630,72,29.6,2.115613752
1631,72,30,2.119401744
1632,74,10,7.647813658
1633,74,10.4,7.666754475
1634,74,10.8,7.666754475
1635,74,11.2,7.666772614
1636,74,11.6,7.666763545
1637,74,12,7.666754475
1638,74,12.4,7.666754475
1639,74,12.8,7.666745406
1640,74,13.2,7.666754475
1641,74,13.6,7.666745406
1642,74,14,7.666754475
1643,74,14.4,7.796091833
1644,74,14.8,7.666745406
1645,74,15.2,7.666754475
1646,74,15.6,7.666763545
1647,74,16,7.666763545
1648,74,16.4,7.666754475
1649,74,16.8,7.666763545
1650,74,17.2,7.666745406
1651,74,17.6,7.666763545
1652,74,18,7.666772614
1653,74,18.4,7.666763545
1654,74,18.8,7.666763545
1655,74,19.2,7.666763545
1656,74,19.6,7.666745406
1657,74,20,7.666763545
1658,74,20.4,7.796091833
1659,74,20.8,7.796091833
1660,74,21.2,7.666772614
1661,74,21.6,7.666763545
1662,74,22,7.666763545
1663,74,22.4,7.666763545
1664,74,22.8,0.56038994
1665,74,23.2,0.472238125
1666,74,23.6,0.472238201
1667,74,24,0.560389987
1668,74,24.4,0.56038994
1669,74,24.8,1.951779832
1670,74,25.2,2.009504128
1671,74,25.6,2.009504128
1672,74,26,1.996047416
1673,74,26.4,2.009476249
1674,74,26.8,2.009504128
1675,74,27.2,1.996047416
1676,74,27.6,1.996047416
1677,74,28,2.009476048
1678,74,28.4,2.127799554
1679,74,28.8,2.132096192
1680,74,29.2,2.132092824
1681,74,29.6,2.132092824
1682,74,30,2.132100147
1683,76,10,8.006299845
1684,76,10.4,8.006299845
1685,76,10.8,7.873495927
1686,76,11.2,7.873505241
1687,76,11.6,7.873495927
1688,76,12,7.873495927
1689,76,12.4,7.873486613
1690,76,12.8,8.006299845
1691,76,13.2,8.006299845
1692,76,13.6,8.006299845
1693,76,14,8.006299845
1694,76,14.4,7.8734773
1695,76,14.8,7.873495927
1696,76,15.2,7.873495927
1697,76,15.6,7.873495927
1698,76,16,8.006299845
1699,76,16.4,8.006299845
1700,76,16.8,8.006299845
1701,76,17.2,8.006299845
1702,76,17.6,7.873486613
1703,76,18,7.873505241
1704,76,18.4,7.873505241
1705,76,18.8,7.873486613
1706,76,19.2,7.873486613
1707,76,19.6,7.873486613
1708,76,20,8.006299845
1709,76,20.4,8.006299845
1710,76,20.8,8.006299845
1711,76,21.2,8.006299845
1712,76,21.6,7.873495927
1713,76,22,7.873505241
1714,76,22.4,0.808405873
1715,76,22.8,0.55212375
1716,76,23.2,0.55212375
1717,76,23.6,0.645150383
1718,76,24,0.645150383
1719,76,24.4,0.645150328
1720,76,24.8,1.858153673
1721,76,25.2,1.81902065
1722,76,25.6,1.819046526
1723,76,26,1.819100647
1724,76,26.4,1.819046526
1725,76,26.8,1.819046368
1726,76,27.2,1.819046368
1727,76,27.6,1.804616454
1728,76,28,1.819035481
1729,76,28.4,1.819046368
1730,76,28.8,2.146509166
1731,76,29.2,2.14845387
1732,76,29.6,2.144190172
1733,76,30,2.144196806
1734,78,10,8.062072124
1735,78,10.4,8.08022831
1736,78,10.8,8.08022831
1737,78,11.2,8.216507857
1738,78,11.6,8.216507857
1739,78,12,8.216507857
1740,78,12.4,8.216507857
1741,78,12.8,8.080209193
1742,78,13.2,8.08022831
1743,78,13.6,8.080237868
1744,78,14,8.08022831
1745,78,14.4,8.08022831
1746,78,14.8,8.080237868
1747,78,15.2,8.216507857
1748,78,15.6,8.216507857
1749,78,16,8.080209193
1750,78,16.4,8.080218751
1751,78,16.8,8.080237868
1752,78,17.2,8.08022831
1753,78,17.6,8.08022831
1754,78,18,8.080237868
1755,78,18.4,8.216507857
1756,78,18.8,8.216507857
1757,78,19.2,8.080218751
1758,78,19.6,8.08022831
1759,78,20,8.080209193
1760,78,20.4,8.08022831
1761,78,20.8,8.080209193
1762,78,21.2,8.08022831
1763,78,21.6,8.080256985
1764,78,22,8.216507857
1765,78,22.4,0.897171809
1766,78,22.8,0.899621699
1767,78,23.2,0.64572977
1768,78,23.6,0.64572977
1769,78,24,0.63488512
1770,78,24.4,0.63490306
1771,78,24.8,0.634885227
1772,78,25.2,1.937098352
1773,78,25.6,1.933111719
1774,78,26,1.932966043
1775,78,26.4,1.953577781
1776,78,26.8,1.953577949
1777,78,27.2,1.933065853
1778,78,27.6,1.933065853
1779,78,28,1.933065853
1780,78,28.4,1.932924638
1781,78,28.8,2.16503714
1782,78,29.2,2.166852419
1783,78,29.6,2.166852281
1784,78,30,2.166852419
1785,80,10,8.426715868
1786,80,10.4,8.286941086
1787,80,10.8,8.286960692
1788,80,11.2,8.286960692
1789,80,11.6,8.286980298
1790,80,12,8.286960692
1791,80,12.4,8.426715868
1792,80,12.8,8.426715868
1793,80,13.2,8.426715868
1794,80,13.6,8.426715868
1795,80,14,8.286941086
1796,80,14.4,8.286960692
1797,80,14.8,8.286970495
1798,80,15.2,8.286970495
1799,80,15.6,8.286960692
1800,80,16,8.286960692
1801,80,16.4,8.426715868
1802,80,16.8,8.426715868
1803,80,17.2,8.426715868
1804,80,17.6,8.286970495
1805,80,18,8.286950889
1806,80,18.4,8.286980298
1807,80,18.8,8.286941086
1808,80,19.2,8.286970495
1809,80,19.6,8.286960692
1810,80,20,8.426715868
1811,80,20.4,8.426715868
1812,80,20.8,8.286980298
1813,80,21.2,8.286960692
1814,80,21.6,8.286941086
1815,80,22,8.286970495
1816,80,22.4,0.891869115
1817,80,22.8,0.894465152
1818,80,23.2,0.634764482
1819,80,23.6,0.732491722
1820,80,24,0.634864779
1821,80,24.4,0.634853248
1822,80,24.8,0.634853355
1823,80,25.2,2.050016358
1824,80,25.6,2.0539515
1825,80,26,2.053868898
1826,80,26.4,2.054001151
1827,80,26.8,2.053799141
1828,80,27.2,2.053799141
1829,80,27.6,2.054200846
1830,80,28,2.053780311
1831,80,28.4,2.053692374
1832,80,28.8,2.191529185
1833,80,29.2,2.186051204
1834,80,29.6,2.186048422
1835,80,30,2.186070282
1836,82,10,8.476086153
1837,82,10.4,8.476086153
1838,82,10.8,8.63692388
1839,82,11.2,8.493683027
1840,82,11.6,8.493703122
1841,82,12,8.493693075
1842,82,12.4,8.493693075
1843,82,12.8,8.493693075
1844,82,13.2,8.493683027
1845,82,13.6,8.493703122
1846,82,14,8.63692388
1847,82,14.4,8.49367298
1848,82,14.8,8.493693075
1849,82,15.2,8.49367298
1850,82,15.6,8.63692388
1851,82,16,8.493693075
1852,82,16.4,8.493703122
1853,82,16.8,8.493703122
1854,82,17.2,8.49371317
1855,82,17.6,8.49371317
1856,82,18,8.493683027
1857,82,18.4,8.63692388
1858,82,18.8,8.63692388
1859,82,19.2,8.493703122
1860,82,19.6,8.493683027
1861,82,20,8.493693075
1862,82,20.4,8.493693075
1863,82,20.8,8.493693075
1864,82,21.2,8.63692388
1865,82,21.6,8.63692388
1866,82,22,8.63692388
1867,82,22.4,0.251463613
1868,82,22.8,0.956513423
1869,82,23.2,0.719029932
1870,82,23.6,0.7191444
1871,82,24,0.719139468
1872,82,24.4,0.719139468
1873,82,24.8,0.715928747
1874,82,25.2,2.052913062
1875,82,25.6,2.052913062
1876,82,26,2.052913062
1877,82,26.4,2.052437202
1878,82,26.8,2.0523514
1879,82,27.2,2.052416242
1880,82,27.6,2.052351618
1881,82,28,2.052351618
1882,82,28.4,2.052913062
1883,82,28.8,2.216512669
1884,82,29.2,2.216512669
1885,82,29.6,2.214303672
1886,82,30,2.214284449
1887,84,10,8.682714029
1888,84,10.4,8.700435749
1889,84,10.8,8.700415165
1890,84,11.2,8.700415165
1891,84,11.6,8.847131892
1892,84,12,8.847131892
1893,84,12.4,8.847131892
1894,84,12.8,8.700425457
1895,84,13.2,8.700404873
1896,84,13.6,8.700425457
1897,84,14,8.700446041
1898,84,14.4,8.700435749
1899,84,14.8,8.700425457
1900,84,15.2,8.847131892
1901,84,15.6,8.847131892
1902,84,16,8.847131892
1903,84,16.4,8.700435749
1904,84,16.8,8.700446041
1905,84,17.2,8.700446041
1906,84,17.6,8.700446041
1907,84,18,8.700425457
1908,84,18.4,8.700425457
1909,84,18.8,8.847131892
1910,84,19.2,8.847131892
1911,84,19.6,8.700435749
1912,84,20,8.700415165
1913,84,20.4,8.700425457
1914,84,20.8,8.700435749
1915,84,21.2,8.700425457
1916,84,21.6,8.7008902
1917,84,22,8.700404873
1918,84,22.4,8.700404873
1919,84,22.8,1.034901988
1920,84,23.2,0.801590416
1921,84,23.6,0.801590347
1922,84,24,0.805490781
1923,84,24.4,0.805490852
1924,84,24.8,0.805490571
1925,84,25.2,0.805490571
1926,84,25.6,0.805501258
1927,84,26,2.052198172
1928,84,26.4,2.052198172
1929,84,26.8,2.053846074
1930,84,27.2,2.053846074
1931,84,27.6,2.053266148
1932,84,28,2.053214375
1933,84,28.4,2.053157105
1934,84,28.8,2.23591945
1935,84,29.2,2.235689187
1936,84,29.6,2.235689187
1937,84,30,2.235689187
1938,86,10,9.057339903
1939,86,10.4,9.057339903
1940,86,10.8,8.90715784
1941,86,11.2,8.907168376
1942,86,11.6,8.90715784
1943,86,12,8.907168376
1944,86,12.4,8.907168376
1945,86,12.8,8.907168376
1946,86,13.2,9.057339903
1947,86,13.6,9.057339903
1948,86,14,8.90715784
1949,86,14.4,9.057339903
1950,86,14.8,8.907147303
1951,86,15.2,8.907136767
1952,86,15.6,8.907178913
1953,86,16,8.90715784
1954,86,16.4,8.90715784
1955,86,16.8,9.057339903
1956,86,17.2,8.907168376
1957,86,17.6,8.90715784
1958,86,18,8.907136767
1959,86,18.4,8.907178913
1960,86,18.8,8.90715784
1961,86,19.2,8.90715784
1962,86,19.6,9.057339903
1963,86,20,9.057339903
1964,86,20.4,8.907178913
1965,86,20.8,8.907136767
1966,86,21.2,8.907136767
1967,86,21.6,8.907136767
1968,86,22,8.907168376
1969,86,22.4,0.251907484
1970,86,22.8,0.251907465
1971,86,23.2,0.884322726
1972,86,23.6,0.884322648
1973,86,24,0.888948688
1974,86,24.4,0.888948688
1975,86,24.8,0.888948688
1976,86,25.2,0.88895489
1977,86,25.6,2.055950166
1978,86,26,2.055950166
1979,86,26.4,2.055950166
1980,86,26.8,2.055950166
1981,86,27.2,2.055616877
1982,86,27.6,2.055520786
1983,86,28,2.055587042
1984,86,28.4,2.055542484
1985,86,28.8,2.055520786
1986,86,29.2,2.055520786
1987,86,29.6,2.260255422
1988,86,30,2.270800813
1989,88,10,9.09567681
1990,88,10.4,9.113901003
1991,88,10.8,9.113890222
1992,88,11.2,9.113890222
1993,88,11.6,9.267547915
1994,88,12,9.11386866
1995,88,12.4,9.11386866
1996,88,12.8,9.113890222
1997,88,13.2,9.113911784
1998,88,13.6,9.11386866
1999,88,14,9.113901003
2000,88,14.4,9.113879441
2001,88,14.8,9.267547915
2002,88,15.2,9.113922566
2003,88,15.6,9.113890222
2004,88,16,9.113890222
2005,88,16.4,9.113901003
2006,88,16.8,9.113933347
2007,88,17.2,9.113901003
2008,88,17.6,9.113901003
2009,88,18,9.113890222
2010,88,18.4,9.267547915
2011,88,18.8,9.113890222
2012,88,19.2,9.113890222
2013,88,19.6,9.113911784
2014,88,20,9.11386866
2015,88,20.4,9.113911784
2016,88,20.8,9.113911784
2017,88,21.2,9.114376975
2018,88,21.6,9.267547915
2019,88,22,9.267547915
2020,88,22.4,0.249634596
2021,88,22.8,0.249948337
2022,88,23.2,0.977667558
2023,88,23.6,0.977457858
2024,88,24,0.977433415
2025,88,24.4,0.977451287
2026,88,24.8,0.97743324
2027,88,25.2,0.9774512
2028,88,25.6,2.053953023
2029,88,26,2.05510561
2030,88,26.4,2.05489585
2031,88,26.8,2.055023588
2032,88,27.2,2.054960241
2033,88,27.6,2.055023588
2034,88,28,2.054960241
2035,88,28.4,2.053248014
2036,88,28.8,2.054929618
2037,88,29.2,2.30119482
2038,88,29.6,2.296576997
2039,88,30,2.296606418
2040,90,10,9.302547905
2041,90,10.4,9.320622605
2042,90,10.8,9.320622605
2043,90,11.2,9.320622605
2044,90,11.6,9.477755927
2045,90,12,9.32063363
2046,90,12.4,9.32063363
2047,90,12.8,9.320600553
2048,90,13.2,9.320611579
2049,90,13.6,9.320600553
2050,90,14,9.320644656
2051,90,14.4,9.32063363
2052,90,14.8,9.477755927
2053,90,15.2,9.477755927
2054,90,15.6,9.320644656
2055,90,16,9.320600553
2056,90,16.4,9.320666707
2057,90,16.8,9.320622605
2058,90,17.2,9.320611579
2059,90,17.6,9.320611579
2060,90,18,9.477755927
2061,90,18.4,9.477755927
2062,90,18.8,9.320655682
2063,90,19.2,9.320600553
2064,90,19.6,9.320611579
2065,90,20,9.32063363
2066,90,20.4,9.320644656
2067,90,20.8,9.320644656
2068,90,21.2,9.320644656
2069,90,21.6,9.477755927
2070,90,22,9.477755927
2071,90,22.4,0.320977145
2072,90,22.8,0.321442311
2073,90,23.2,0.949383664
2074,90,23.6,0.949154362
2075,90,24,0.949146184
2076,90,24.4,1.059750979
2077,90,24.8,1.059750979
2078,90,25.2,1.059750979
2079,90,25.6,2.05516916
2080,90,26,2.055546332
2081,90,26.4,2.055500902
2082,90,26.8,2.055535073
2083,90,27.2,2.055535073
2084,90,27.6,2.055500902
2085,90,28,2.058328769
2086,90,28.4,2.055500902
2087,90,28.8,2.058275791
2088,90,29.2,2.341134596
2089,90,29.6,2.336775612
2090,90,30,2.336775612
2091,92,10,9.687963938
2092,92,10.4,9.527354987
2093,92,10.8,9.527343717
2094,92,11.2,9.527377528
2095,92,11.6,9.527332447
2096,92,12,9.527354987
2097,92,12.4,9.527377528
2098,92,12.8,9.527354987
2099,92,13.2,9.687963938
2100,92,13.6,9.687963938
2101,92,14,9.527366257
2102,92,14.4,9.527354987
2103,92,14.8,9.527366257
2104,92,15.2,9.527366257
2105,92,15.6,9.527366257
2106,92,16,9.527366257
2107,92,16.4,9.687963938
2108,92,16.8,9.687963938
2109,92,17.2,9.527354987
2110,92,17.6,9.527354987
2111,92,18,9.527366257
2112,92,18.4,9.527354987
2113,92,18.8,9.527366257
2114,92,19.2,9.527366257
2115,92,19.6,9.687963938
2116,92,20,9.687963938
2117,92,20.4,9.687963938
2118,92,20.8,9.527377528
2119,92,21.2,9.527343717
2120,92,21.6,9.527377528
2121,92,22,9.527366257
2122,92,22.4,9.527366257
2123,92,22.8,0.323148847
2124,92,23.2,1.02651868
2125,92,23.6,1.02651868
2126,92,24,1.033153781
2127,92,24.4,1.033153872
2128,92,24.8,1.03317714
2129,92,25.2,1.033176959
2130,92,25.6,1.033176959
2131,92,26,2.060697469
2132,92,26.4,2.060697664
2133,92,26.8,2.060697664
2134,92,27.2,2.060697664
2135,92,27.6,2.062052176
2136,92,28,2.062031327
2137,92,28.4,2.062146862
2138,92,28.8,2.062099614
2139,92,29.2,2.371951502
2140,92,29.6,2.377724727
2141,92,30,2.389130415
2142,94,10,9.89817195
2143,94,10.4,9.89817195
2144,94,10.8,9.734098884
2145,94,11.2,9.73406434
2146,94,11.6,9.734110399
2147,94,12,9.734110399
2148,94,12.4,9.89817195
2149,94,12.8,9.734075855
2150,94,13.2,9.89817195
2151,94,13.6,9.734075855
2152,94,14,9.73406434
2153,94,14.4,9.734121914
2154,94,14.8,9.73408737
2155,94,15.2,9.734098884
2156,94,15.6,9.73408737
2157,94,16,9.734098884
2158,94,16.4,9.73406434
2159,94,16.8,9.734075855
2160,94,17.2,9.734075855
2161,94,17.6,9.734098884
2162,94,18,9.734098884
2163,94,18.4,9.734098884
2164,94,18.8,9.89817195
2165,94,19.2,9.73408737
2166,94,19.6,9.734110399
2167,94,20,9.734098884
2168,94,20.4,9.73408737
2169,94,20.8,9.734110399
2170,94,21.2,9.734121914
2171,94,21.6,9.734098884
2172,94,22,9.89817195
2173,94,22.4,9.734110399
2174,94,22.8,0.398774006
2175,94,23.2,1.117041027
2176,94,23.6,1.116626573
2177,94,24,1.116637077
2178,94,24.4,1.116637176
2179,94,24.8,1.116637176
2180,94,25.2,1.108871048
2181,94,25.6,1.108871048
2182,94,26,2.063205273
2183,94,26.4,2.065685866
2184,94,26.8,2.065617669
2185,94,27.2,2.065589404
2186,94,27.6,2.065638956
2187,94,28,2.065670418
2188,94,28.4,2.065589404
2189,94,28.8,2.065589404
2190,94,29.2,2.424466741
2191,94,29.6,2.431202084
2192,94,30,2.427011656
2193,96,10,10.10837996
2194,96,10.4,9.940666883
2195,96,10.8,9.940843271
2196,96,11.2,9.940831511
2197,96,11.6,9.940831511
2198,96,12,9.94086679
2199,96,12.4,9.940831511
2200,96,12.8,9.940831511
2201,96,13.2,10.10837996
2202,96,13.6,10.10837996
2203,96,14,9.940807993
2204,96,14.4,9.940807993
2205,96,14.8,9.940819752
2206,96,15.2,9.940831511
2207,96,15.6,9.940831511
2208,96,16,9.940843271
2209,96,16.4,9.940843271
2210,96,16.8,9.940796233
2211,96,17.2,9.940796233
2212,96,17.6,10.10837996
2213,96,18,10.10837996
2214,96,18.4,10.10837996
2215,96,18.8,10.10837996
2216,96,19.2,9.940843271
2217,96,19.6,9.940831511
2218,96,20,9.940831511
2219,96,20.4,9.94086679
2220,96,20.8,9.940831511
2221,96,21.2,9.940831511
2222,96,21.6,10.10837996
2223,96,22,10.10837996
2224,96,22.4,10.10837996
2225,96,22.8,0.477667677
2226,96,23.2,1.199428711
2227,96,23.6,1.198970879
2228,96,24,1.19900269
2229,96,24.4,1.199002797
2230,96,24.8,1.198986838
2231,96,25.2,1.189991736
2232,96,25.6,1.198986838
2233,96,26,2.068367809
2234,96,26.4,2.070221245
2235,96,26.8,2.071453509
2236,96,27.2,2.070148234
2237,96,27.6,2.07015325
2238,96,28,2.070033247
2239,96,28.4,2.070170155
2240,96,28.8,2.070170155
2241,96,29.2,2.481168287
2242,96,29.6,2.481168287
2243,96,30,2.481168287
2244,98,10,10.31858797
2245,98,10.4,10.14755213
2246,98,10.8,10.14757614
2247,98,11.2,10.14755213
2248,98,11.6,10.14756414
2249,98,12,10.14756414
2250,98,12.4,10.14756414
2251,98,12.8,10.31858797
2252,98,13.2,10.31858797
2253,98,13.6,10.14754013
2254,98,14,10.14756414
2255,98,14.4,10.14756414
2256,98,14.8,10.14757614
2257,98,15.2,10.14756414
2258,98,15.6,10.14757614
2259,98,16,10.31858797
2260,98,16.4,10.31858797
2261,98,16.8,10.31858797
2262,98,17.2,10.14754013
2263,98,17.6,10.14752813
2264,98,18,10.14756414
2265,98,18.4,10.14756414
2266,98,18.8,10.14758815
2267,98,19.2,10.14757614
2268,98,19.6,10.14757614
2269,98,20,10.31858797
2270,98,20.4,10.31858797
2271,98,20.8,10.14752813
2272,98,21.2,10.14756414
2273,98,21.6,10.14754013
2274,98,22,10.14755213
2275,98,22.4,10.14756414
2276,98,22.8,0.480094566
2277,98,23.2,1.279998851
2278,98,23.6,1.269172111
2279,98,24,1.279428908
2280,98,24.4,1.279403656
2281,98,24.8,1.279437862
2282,98,25.2,1.279429023
2283,98,25.6,1.279403656
2284,98,26,2.081337055
2285,98,26.4,2.077225937
2286,98,26.8,2.077385134
2287,98,27.2,2.077212942
2288,98,27.6,2.077330982
2289,98,28,2.077212942
2290,98,28.4,2.079947307
2291,98,28.8,2.079947307
2292,98,29.2,2.077402643
2293,98,29.6,2.523752678
2294,98,30,2.53185155
2295,100,10,10.33943261
2296,100,10.4,10.52879599
2297,100,10.8,10.52879599
2298,100,11.2,10.52879599
2299,100,11.6,10.35427227
2300,100,12,10.35429677
2301,100,12.4,10.35430901
2302,100,12.8,10.35429677
2303,100,13.2,10.35429677
2304,100,13.6,10.52879599
2305,100,14,10.52879599
2306,100,14.4,10.52879599
2307,100,14.8,10.52879599
2308,100,15.2,10.35429677
2309,100,15.6,10.35429677
2310,100,16,10.35430901
2311,100,16.4,10.35430901
2312,100,16.8,10.52879599
2313,100,17.2,10.52879599
2314,100,17.6,10.52879599
2315,100,18,10.52879599
2316,100,18.4,10.35429677
2317,100,18.8,10.35429677
2318,100,19.2,10.35430901
2319,100,19.6,10.35429677
2320,100,20,10.35429677
2321,100,20.4,10.35428452
2322,100,20.8,10.52879599
2323,100,21.2,10.52879599
2324,100,21.6,10.35429677
2325,100,22,10.35429677
2326,100,22.4,10.35429677
2327,100,22.8,0.560232472
2328,100,23.2,0.471694827
2329,100,23.6,1.358075577
2330,100,24,1.357333934
2331,100,24.4,1.450976046
2332,100,24.8,1.450976046
2333,100,25.2,1.357463404
2334,100,25.6,1.357401412
2335,100,26,1.35740129
2336,100,26.4,2.089708605
2337,100,26.8,2.084010749
2338,100,27.2,2.084003501
2339,100,27.6,2.084003501
2340,100,28,2.087935182
2341,100,28.4,2.083832835
2342,100,28.8,2.084003501
2343,100,29.2,2.083867173
2344,100,29.6,2.574959488
2345,100,30,2.572836936
2346,102,10,10.54661409
2347,102,10.4,10.56100441
2348,102,10.8,10.739004
2349,102,11.2,10.739004
2350,102,11.6,10.56102939
2351,102,12,10.56102939
2352,102,12.4,10.56102939
2353,102,12.8,10.56102939
2354,102,13.2,10.739004
2355,102,13.6,10.56102939
2356,102,14,10.56100441
2357,102,14.4,10.739004
2358,102,14.8,10.56102939
2359,102,15.2,10.56102939
2360,102,15.6,10.5610169
2361,102,16,10.56102939
2362,102,16.4,10.56102939
2363,102,16.8,10.739004
2364,102,17.2,10.56104189
2365,102,17.6,10.739004
2366,102,18,10.739004
2367,102,18.4,10.739004
2368,102,18.8,10.56104189
2369,102,19.2,10.56102939
2370,102,19.6,10.56102939
2371,102,20,10.56102939
2372,102,20.4,10.739004
2373,102,20.8,10.56102939
2374,102,21.2,10.739004
2375,102,21.6,10.739004
2376,102,22,10.56102939
2377,102,22.4,10.56102939
2378,102,22.8,0.550365658
2379,102,23.2,0.551678266
2380,102,23.6,1.495573598
2381,102,24,1.481328151
2382,102,24.4,1.481328151
2383,102,24.8,1.481328151
2384,102,25.2,1.494710448
2385,102,25.6,1.494730024
2386,102,26,1.494730024
2387,102,26.4,2.094212804
2388,102,26.8,2.101041057
2389,102,27.2,2.103969613
2390,102,27.6,2.103969613
2391,102,28,2.103969613
2392,102,28.4,2.10105204
2393,102,28.8,2.101074157
2394,102,29.2,2.101074157
2395,102,29.6,2.624456352
2396,102,30,2.62242917
2397,104,10,10.94921201
2398,104,10.4,10.94921201
2399,104,10.8,10.94921201
2400,104,11.2,10.94921201
2401,104,11.6,10.76773654
2402,104,12,10.76776202
2403,104,12.4,10.76776202
2404,104,12.8,10.76776202
2405,104,13.2,10.94921201
2406,104,13.6,10.94921201
2407,104,14,10.94921201
2408,104,14.4,10.76776202
2409,104,14.8,10.76772381
2410,104,15.2,10.76776202
2411,104,15.6,10.76776202
2412,104,16,10.76776202
2413,104,16.4,10.94921201
2414,104,16.8,10.94921201
2415,104,17.2,10.94921201
2416,104,17.6,10.94921201
2417,104,18,10.76772381
2418,104,18.4,10.76776202
2419,104,18.8,10.76776202
2420,104,19.2,10.76776202
2421,104,19.6,10.76776202
2422,104,20,10.94921201
2423,104,20.4,10.94921201
2424,104,20.8,10.94921201
2425,104,21.2,10.76772381
2426,104,21.6,10.76776202
2427,104,22,10.76772381
2428,104,22.4,10.76777476
2429,104,22.8,0.632932912
2430,104,23.2,0.634585318
2431,104,23.6,1.533676912
2432,104,24,1.532767887
2433,104,24.4,1.53276802
2434,104,24.8,1.53276802
2435,104,25.2,1.53276802
2436,104,25.6,1.549762984
2437,104,26,1.549762984
2438,104,26.4,2.108334455
2439,104,26.8,2.103594413
2440,104,27.2,2.103589448
2441,104,27.6,2.103708455
2442,104,28,2.103589448
2443,104,28.4,2.106308183
2444,104,28.8,2.106308183
2445,104,29.2,2.106308183
2446,104,29.6,2.682473188
2447,104,30,2.670503346
2448,106,10,10.96112512
2449,106,10.4,10.97449465
2450,106,10.8,11.15942002
2451,106,11.2,10.9744557
2452,106,11.6,10.9744557
2453,106,12,10.97452061
2454,106,12.4,10.97450763
2455,106,12.8,10.97449465
2456,106,13.2,10.97449465
2457,106,13.6,10.97449465
2458,106,14,11.15942002
2459,106,14.4,11.15942002
2460,106,14.8,10.97446868
2461,106,15.2,10.97449465
2462,106,15.6,10.97450763
2463,106,16,10.97449465
2464,106,16.4,10.97449465
2465,106,16.8,10.97449465
2466,106,17.2,11.15942002
2467,106,17.6,11.15942002
2468,106,18,11.15942002
2469,106,18.4,10.97448166
2470,106,18.8,10.97449465
2471,106,19.2,10.97446868
2472,106,19.6,10.97449465
2473,106,20,10.97449465
2474,106,20.4,11.15942002
2475,106,20.8,11.15942002
2476,106,21.2,11.15942002
2477,106,21.6,10.97449465
2478,106,22,10.97450763
2479,106,22.4,10.9744557
2480,106,22.8,0.633143213
2481,106,23.2,0.634916675
2482,106,23.6,1.598525004
2483,106,24,1.59747381
2484,106,24.4,1.687735005
2485,106,24.8,1.597469385
2486,106,25.2,1.597483628
2487,106,25.6,1.597473672
2488,106,26,1.597473672
2489,106,26.4,2.119986611
2490,106,26.8,2.117895293
2491,106,27.2,2.119986611
2492,106,27.6,2.117865922
2493,106,28,2.117808086
2494,106,28.4,2.117966088
2495,106,28.8,2.117877369
2496,106,29.2,2.117877369
2497,106,29.6,2.117877369
2498,106,30,2.612197006
2499,108,10,11.16875249
2500,108,10.4,11.18125373
2501,108,10.8,11.18120082
2502,108,11.2,11.36962803
2503,108,11.6,11.18122727
2504,108,12,11.18122727
2505,108,12.4,11.18122727
2506,108,12.8,11.36962803
2507,108,13.2,11.36962803
2508,108,13.6,11.18120082
2509,108,14,11.1812405
2510,108,14.4,11.18122727
2511,108,14.8,11.18122727
2512,108,15.2,11.1812405
2513,108,15.6,11.1812405
2514,108,16,11.36962803
2515,108,16.4,11.36962803
2516,108,16.8,11.18121405
2517,108,17.2,11.18118759
2518,108,17.6,11.18122727
2519,108,18,11.18122727
2520,108,18.4,11.18122727
2521,108,18.8,11.18122727
2522,108,19.2,11.36962803
2523,108,19.6,11.36962803
2524,108,20,11.18122727
2525,108,20.4,11.18120082
2526,108,20.8,11.18122727
2527,108,21.2,11.18122727
2528,108,21.6,11.18122727
2529,108,22,11.18120082
2530,108,22.4,11.36962803
2531,108,22.8,0.716104945
2532,108,23.2,0.719708273
2533,108,23.6,0.559809113
2534,108,24,1.73236382
2535,108,24.4,1.731098731
2536,108,24.8,1.731098731
2537,108,25.2,1.748736173
2538,108,25.6,1.748736173
2539,108,26,1.748736173
2540,108,26.4,1.731057948
2541,108,26.8,2.127796256
2542,108,27.2,2.13049014
2543,108,27.6,2.130513977
2544,108,28,2.130479172
2545,108,28.4,2.130415852
2546,108,28.8,2.130479318
2547,108,29.2,2.130479318
2548,108,29.6,2.509306815
2549,108,30,2.755605418
2550,110,10,11.37780675
2551,110,10.4,11.38793296
2552,110,10.8,11.57777036
2553,110,11.2,11.57777036
2554,110,11.6,11.3879599
2555,110,12,11.3879599
2556,110,12.4,11.3879599
2557,110,12.8,11.38793296
2558,110,13.2,11.38793296
2559,110,13.6,11.57777036
2560,110,14,11.57777036
2561,110,14.4,11.57777036
2562,110,14.8,11.57777036
2563,110,15.2,11.38797337
2564,110,15.6,11.38797337
2565,110,16,11.3879599
2566,110,16.4,11.38797337
2567,110,16.8,11.3879599
2568,110,17.2,11.3879599
2569,110,17.6,11.57777036
2570,110,18,11.57777036
2571,110,18.4,11.3879599
2572,110,18.8,11.38798684
2573,110,19.2,11.3879599
2574,110,19.6,11.38793296
2575,110,20,11.38791949
2576,110,20.4,11.3879599
2577,110,20.8,11.38793296
2578,110,21.2,11.57777036
2579,110,21.6,11.57777036
2580,110,22,11.38794643
2581,110,22.4,11.38793296
2582,110,22.8,0.804196285
2583,110,23.2,0.80681908
2584,110,23.6,0.56142222
2585,110,24,1.87799673
2586,110,24.4,1.876533409
2587,110,24.8,2.049988459
2588,110,25.2,1.876606286
2589,110,25.6,2.049988459
2590,110,26,2.049988459
2591,110,26.4,2.049988459
2592,110,26.8,2.149296587
2593,110,27.2,2.145189424
2594,110,27.6,2.145153767
2595,110,28,2.145072929
2596,110,28.4,2.145072929
2597,110,28.8,2.149969973
2598,110,29.2,2.149969973
2599,110,29.6,2.41945254
2600,110,30,2.689883596
