,num,1,2,3,4,5,6,7,8,9,10
0,10.0,,,,,,,,,,
1,20.0,,,,,0.036101083032490974,0.012919896640826874,,,,
2,30.0,,,,,0.036101083032490974,0.018450184501845015,,0.125,,
3,40.0,,,,,0.04032258064516129,0.01968503937007874,0.15209125475285168,0.132013201320132,,
4,50.0,,,,,0.04032258064516129,0.019762845849802372,0.15209125475285168,0.14583333333333331,,
5,60.0,,,,,0.020746887966804975,0.019762845849802372,0.1532567049808429,0.13043478260869565,,
6,70.0,,,,,,0.02145922746781116,0.16194331983805665,0.13043478260869565,,
7,80.0,,,,,,0.02145922746781116,0.16194331983805665,0.15789473684210528,,
8,90.0,,,,,,0.02145922746781116,0.16194331983805665,0.15789473684210528,,
9,100.0,,,,,,,0.1694915254237288,0.17142857142857143,,
10,110.0,,,,,,0.099009900990099,0.1694915254237288,0.17142857142857143,,
11,120.0,,,,,,0.10152284263959391,0.17766497461928935,0.17142857142857143,,
12,130.0,,,,,,0.10152284263959391,0.17766497461928935,0.17142857142857143,,
13,140.0,,,0.24725274725274726,,,0.10152284263959391,0.18229166666666666,0.17142857142857143,,
14,150.0,0.09493670886075949,,0.24725274725274726,,,0.10152284263959391,0.32407407407407407,0.14367816091954022,,
15,160.0,0.09493670886075949,,0.24725274725274726,,,0.08152173913043478,0.32407407407407407,0.14367816091954022,,
16,170.0,0.09493670886075949,,0.24725274725274726,,,0.05494505494505494,0.32407407407407407,0.14367816091954022,,
17,180.0,0.09493670886075949,,0.3,,,0.05494505494505494,0.3023255813953488,0.14367816091954022,,
18,190.0,0.09493670886075949,,0.3,,,0.05494505494505494,0.3023255813953488,0.14367816091954022,,
19,200.0,0.09493670886075949,,0.3,,,0.05494505494505494,0.3023255813953488,0.14367816091954022,,
20,210.0,0.09493670886075949,,0.3,,,0.05494505494505494,0.3023255813953488,0.14367816091954022,,
21,220.0,0.09493670886075949,,0.30303030303030304,,,0.05494505494505494,0.3421052631578947,0.14367816091954022,,
22,230.0,0.09493670886075949,,0.30303030303030304,,,0.05494505494505494,0.3421052631578947,0.14367816091954022,,
23,240.0,0.09493670886075949,,0.30303030303030304,,,0.05494505494505494,0.3421052631578947,0.14705882352941174,,
24,250.0,0.09493670886075949,,0.31746031746031744,,,0.05494505494505494,0.3494623655913978,0.23809523809523808,,
25,260.0,0.09493670886075949,,0.31746031746031744,,,0.057142857142857134,0.3494623655913978,0.23809523809523808,,
26,270.0,0.06369426751592357,,0.31746031746031744,,,0.057142857142857134,0.3494623655913978,0.20348837209302326,,
27,280.0,0.06369426751592357,,0.2925531914893617,,,0.057142857142857134,0.34759358288770054,0.20348837209302326,,
28,290.0,0.06369426751592357,,0.2925531914893617,,,0.0591715976331361,0.34759358288770054,0.20348837209302326,,
29,300.0,0.06369426751592357,,0.2925531914893617,,,0.0591715976331361,0.34759358288770054,0.20348837209302326,,
30,310.0,0.06369426751592357,,0.26881720430107525,,,0.0591715976331361,0.22727272727272727,0.20348837209302326,,
31,320.0,0.06369426751592357,,0.26881720430107525,,,0.0591715976331361,0.22727272727272727,0.20348837209302326,,
32,330.0,0.06369426751592357,,0.26881720430107525,,,0.0591715976331361,0.22727272727272727,0.20348837209302326,,
33,340.0,0.06369426751592357,,0.26881720430107525,,,0.0591715976331361,0.22727272727272727,0.20348837209302326,,
34,350.0,0.06369426751592357,,0.26881720430107525,,,0.0591715976331361,0.22727272727272727,0.20348837209302326,0.09740259740259741,
35,360.0,0.06369426751592357,,0.26881720430107525,,,0.0591715976331361,0.22727272727272727,0.20348837209302326,0.09740259740259741,
36,370.0,0.06024096385542168,,0.2824858757062147,,,0.0591715976331361,0.22727272727272727,0.18518518518518515,0.09740259740259741,
37,380.0,0.06024096385542168,,0.2824858757062147,,,0.0606060606060606,0.22727272727272727,0.18518518518518515,0.09740259740259741,
38,390.0,0.0606060606060606,,0.2824858757062147,,,0.0606060606060606,0.22727272727272727,0.18518518518518515,0.09740259740259741,
39,400.0,0.0606060606060606,,0.2824858757062147,,,0.0606060606060606,0.22727272727272727,0.17964071856287425,0.09740259740259741,
40,410.0,0.0606060606060606,,0.06134969325153374,,,0.06172839506172839,0.22727272727272727,0.17964071856287425,0.09740259740259741,
41,420.0,0.0606060606060606,,0.06134969325153374,,,0.06172839506172839,0.030487804878048776,0.17964071856287425,0.09740259740259741,
42,430.0,0.0606060606060606,,0.06134969325153374,,,0.06172839506172839,0.030487804878048776,0.17964071856287425,0.09740259740259741,
43,440.0,0.0606060606060606,,0.06134969325153374,,,0.06172839506172839,0.030487804878048776,0.17964071856287425,0.09740259740259741,
44,450.0,0.0606060606060606,,0.0625,,,0.06172839506172839,0.02976190476190476,0.17964071856287425,0.09740259740259741,
45,460.0,0.0606060606060606,,0.0625,,,0.06172839506172839,0.02976190476190476,0.17964071856287425,0.09259259259259257,
46,470.0,0.0606060606060606,,0.0625,,,0.06172839506172839,0.02976190476190476,0.17964071856287425,0.09259259259259257,
47,480.0,0.0606060606060606,,0.0625,,,0.06172839506172839,0.02976190476190476,0.17964071856287425,,
48,490.0,0.08982035928143713,,0.0625,,,0.06172839506172839,0.02976190476190476,0.09259259259259257,,
49,500.0,0.08982035928143713,,0.0625,,,0.03184713375796178,0.02976190476190476,0.09259259259259257,,0.09803921568627451
50,510.0,0.08982035928143713,,0.0625,,,0.03184713375796178,0.02976190476190476,0.09259259259259257,,0.09803921568627451
51,520.0,0.08982035928143713,,0.0625,,,0.03184713375796178,0.0303030303030303,0.09259259259259257,,0.09803921568627451
52,530.0,0.08982035928143713,,0.0625,,,0.03184713375796178,0.0303030303030303,0.09259259259259257,,0.09803921568627451
53,540.0,0.08982035928143713,,0.0625,,,0.03184713375796178,0.0303030303030303,0.09259259259259257,,0.09803921568627451
54,550.0,0.08982035928143713,,0.0625,,,0.03184713375796178,0.0303030303030303,0.09259259259259257,,0.09803921568627451
55,560.0,0.08982035928143713,,0.0625,,,0.06329113924050632,0.0303030303030303,0.09259259259259257,,0.09803921568627451
56,570.0,0.08982035928143713,,0.0625,,,0.06329113924050632,0.0303030303030303,0.09259259259259257,,0.09803921568627451
57,580.0,0.08982035928143713,,0.0625,,,0.06329113924050632,0.0303030303030303,0.06097560975609755,,0.09803921568627451
58,590.0,0.08982035928143713,,0.0625,,,0.09433962264150943,0.0303030303030303,0.06097560975609755,,0.09803921568627451
59,600.0,0.08982035928143713,,0.09259259259259257,,,0.09433962264150943,0.0303030303030303,0.06097560975609755,,0.09803921568627451
60,610.0,0.0909090909090909,,0.09259259259259257,,,0.09433962264150943,0.0303030303030303,0.06097560975609755,,0.09803921568627451
61,620.0,0.0909090909090909,,0.09259259259259257,,,0.09433962264150943,0.0303030303030303,0.06097560975609755,,0.09803921568627451
62,630.0,0.0909090909090909,,0.09259259259259257,,,0.09433962264150943,0.0303030303030303,0.06097560975609755,,0.09803921568627451
63,640.0,0.0909090909090909,,0.1488095238095238,,,0.09433962264150943,0.030487804878048776,0.06097560975609755,,0.09803921568627451
64,650.0,0.0909090909090909,,0.1488095238095238,,,0.09433962264150943,0.030487804878048776,0.06097560975609755,,0.09803921568627451
65,660.0,0.0909090909090909,,0.1497005988023952,,,0.09433962264150943,0.030487804878048776,0.06097560975609755,,0.09803921568627451
66,670.0,0.0909090909090909,,0.1497005988023952,,,0.09433962264150943,0.030487804878048776,0.06097560975609755,,0.09803921568627451
67,680.0,0.0909090909090909,,0.1497005988023952,,,0.09433962264150943,0.030487804878048776,0.06097560975609755,,0.09803921568627451
68,690.0,0.0909090909090909,,0.1524390243902439,,,0.09433962264150943,0.030864197530864196,0.06097560975609755,,0.09803921568627451
69,700.0,0.11976047904191617,,0.1524390243902439,,,0.09433962264150943,0.030864197530864196,0.06097560975609755,,0.09803921568627451
70,710.0,0.11976047904191617,,0.1524390243902439,,,0.09433962264150943,0.030864197530864196,0.06097560975609755,,0.09868421052631579
71,720.0,0.11976047904191617,,0.1524390243902439,,,0.09433962264150943,0.030864197530864196,0.06097560975609755,,0.09868421052631579
72,730.0,0.11976047904191617,,0.1524390243902439,,,0.09433962264150943,0.030864197530864196,0.09146341463414634,,0.09868421052631579
73,740.0,0.11976047904191617,,0.1524390243902439,,,0.09433962264150943,0.030864197530864196,0.09146341463414634,,0.09868421052631579
74,750.0,0.11976047904191617,,0.1524390243902439,,,0.09433962264150943,0.030864197530864196,0.09146341463414634,,0.09868421052631579
75,760.0,0.11976047904191617,,0.1524390243902439,,,0.09433962264150943,0.030864197530864196,0.09146341463414634,,0.09868421052631579
76,770.0,0.11976047904191617,,0.1524390243902439,,,0.09433962264150943,0.030864197530864196,0.09146341463414634,,0.09868421052631579
77,780.0,0.11976047904191617,,0.1524390243902439,,,0.09433962264150943,0.030864197530864196,0.09146341463414634,,0.09868421052631579
78,790.0,0.12048192771084336,,0.15432098765432098,,,0.09433962264150943,0.030864197530864196,0.09146341463414634,,0.09868421052631579
79,800.0,0.12048192771084336,,0.15432098765432098,,,0.09433962264150943,0.030864197530864196,0.09146341463414634,,0.09868421052631579
80,810.0,0.12048192771084336,,0.15432098765432098,,,0.09433962264150943,0.030864197530864196,0.09146341463414634,,0.09868421052631579
81,820.0,0.12048192771084336,,0.15625,,,0.09433962264150943,0.06172839506172839,0.09146341463414634,,0.09868421052631579
82,830.0,0.12048192771084336,,0.15625,,,0.09433962264150943,0.062111801242236024,0.1212121212121212,,0.09868421052631579
83,840.0,0.12048192771084336,,0.12578616352201258,0.033333333333333326,,0.09433962264150943,0.062111801242236024,0.1212121212121212,,0.09868421052631579
84,850.0,0.1764705882352941,,0.12578616352201258,0.033333333333333326,,0.09433962264150943,0.062111801242236024,0.1212121212121212,,0.09868421052631579
85,860.0,0.20467836257309943,,0.12578616352201258,0.033333333333333326,,0.09554140127388536,0.062111801242236024,0.1212121212121212,,0.09868421052631579
86,870.0,0.20467836257309943,,0.12578616352201258,0.033333333333333326,,0.09554140127388536,0.062111801242236024,0.1212121212121212,,0.09868421052631579
87,880.0,0.20467836257309943,,0.12578616352201258,0.033333333333333326,,0.09554140127388536,0.062111801242236024,0.1212121212121212,,0.09868421052631579
88,890.0,0.20467836257309943,,0.12578616352201258,0.033333333333333326,,0.09554140127388536,0.062111801242236024,0.1212121212121212,,0.09868421052631579
89,900.0,0.20467836257309943,,0.12578616352201258,0.033333333333333326,,0.09554140127388536,0.062111801242236024,0.1212121212121212,,0.09868421052631579
90,910.0,0.20467836257309943,,0.12578616352201258,0.033333333333333326,,0.09554140127388536,0.062111801242236024,0.1212121212121212,,0.09868421052631579
91,920.0,0.20467836257309943,,0.12578616352201258,0.033333333333333326,,0.09554140127388536,0.062111801242236024,0.1212121212121212,,0.09868421052631579
92,930.0,0.20467836257309943,,0.12658227848101264,0.033333333333333326,,0.09554140127388536,0.06329113924050632,0.1212121212121212,,0.09868421052631579
93,940.0,0.18292682926829268,,0.12658227848101264,0.033333333333333326,,0.12658227848101264,0.06329113924050632,0.12578616352201258,,0.09868421052631579
94,950.0,0.18292682926829268,0.0641025641025641,0.12658227848101264,0.033333333333333326,,0.12658227848101264,0.06329113924050632,0.12578616352201258,,0.09868421052631579
95,960.0,0.18292682926829268,0.0641025641025641,0.12658227848101264,0.033333333333333326,,0.12658227848101264,0.06329113924050632,0.12578616352201258,,0.09868421052631579
96,970.0,0.18518518518518515,0.0641025641025641,0.12658227848101264,0.033333333333333326,,0.12658227848101264,0.06329113924050632,0.12578616352201258,,0.09868421052631579
97,980.0,0.18518518518518515,0.12658227848101264,0.12658227848101264,0.033333333333333326,0.033333333333333326,0.15723270440251574,0.06329113924050632,0.12578616352201258,0.031055900621118012,0.03424657534246576
98,990.0,0.18518518518518515,0.12658227848101264,0.12658227848101264,0.033333333333333326,0.033333333333333326,0.15723270440251574,0.06329113924050632,0.12578616352201258,0.031055900621118012,0.03424657534246576
99,1000.0,0.18518518518518515,0.12658227848101264,0.12658227848101264,0.033333333333333326,0.033333333333333326,0.15723270440251574,0.06329113924050632,0.12578616352201258,0.031055900621118012,0.09868421052631579
100,1010.0,0.18518518518518515,0.12658227848101264,0.12658227848101264,0.033333333333333326,0.0641025641025641,0.15723270440251574,0.06329113924050632,0.12578616352201258,0.06289308176100629,0.09868421052631579
101,1020.0,0.18518518518518515,0.12658227848101264,0.12658227848101264,0.033333333333333326,0.0641025641025641,0.15723270440251574,0.06329113924050632,0.12578616352201258,0.06289308176100629,0.09868421052631579
102,1030.0,0.18518518518518515,0.12658227848101264,0.12658227848101264,0.033333333333333326,0.0641025641025641,0.15723270440251574,0.06329113924050632,0.12578616352201258,0.06289308176100629,0.09868421052631579
103,1040.0,0.18518518518518515,0.12658227848101264,0.12658227848101264,0.033333333333333326,0.0641025641025641,0.15723270440251574,0.06329113924050632,0.12578616352201258,0.06289308176100629,0.09868421052631579
104,1050.0,0.18518518518518515,0.12658227848101264,0.15527950310559008,0.033333333333333326,0.0641025641025641,0.15723270440251574,0.06329113924050632,0.12578616352201258,0.09493670886075949,0.09868421052631579
105,1060.0,0.18518518518518515,0.12658227848101264,0.15527950310559008,0.033333333333333326,0.0641025641025641,0.15723270440251574,0.06329113924050632,0.12578616352201258,0.09493670886075949,0.09868421052631579
106,1070.0,0.18518518518518515,0.12658227848101264,0.15527950310559008,0.033333333333333326,0.0641025641025641,0.1875,0.06329113924050632,0.12578616352201258,0.09493670886075949,0.09933774834437085
107,1080.0,0.18518518518518515,0.12658227848101264,0.2134146341463415,0.033333333333333326,0.0641025641025641,0.1875,0.06329113924050632,0.12578616352201258,0.09493670886075949,0.09933774834437085
108,1090.0,0.18518518518518515,0.12658227848101264,0.2134146341463415,0.033333333333333326,0.0641025641025641,0.1875,0.06329113924050632,0.12578616352201258,0.09493670886075949,0.09933774834437085
109,1100.0,0.18518518518518515,0.12658227848101264,0.2134146341463415,0.033333333333333326,0.0641025641025641,0.1875,0.06329113924050632,0.12578616352201258,0.09493670886075949,0.09933774834437085
110,1110.0,0.18518518518518515,0.1875,0.2134146341463415,0.033333333333333326,0.06451612903225806,0.1875,0.06329113924050632,0.12578616352201258,0.09493670886075949,0.09933774834437085
111,1120.0,0.21472392638036814,0.1875,0.2134146341463415,0.033333333333333326,0.06451612903225806,0.1875,0.06329113924050632,0.12658227848101264,0.09493670886075949,0.09933774834437085
112,1130.0,0.21472392638036814,0.1875,0.2134146341463415,0.033333333333333326,0.06451612903225806,0.1875,0.0641025641025641,0.12658227848101264,0.09493670886075949,0.09933774834437085
113,1140.0,0.21472392638036814,0.1875,0.2134146341463415,0.06578947368421052,0.06451612903225806,0.1875,0.0641025641025641,0.12658227848101264,0.09493670886075949,0.09933774834437085
114,1150.0,0.21472392638036814,0.1875,0.2134146341463415,0.06578947368421052,0.06451612903225806,0.1875,0.0641025641025641,0.12658227848101264,0.09493670886075949,0.09933774834437085
115,1160.0,0.21472392638036814,0.1875,0.2134146341463415,0.06578947368421052,0.06451612903225806,0.1875,0.0641025641025641,0.12658227848101264,0.09493670886075949,0.09933774834437085
116,1170.0,0.21472392638036814,0.1875,0.2134146341463415,0.06578947368421052,0.06451612903225806,0.1875,0.0641025641025641,0.12658227848101264,0.09493670886075949,0.09933774834437085
117,1180.0,0.21472392638036814,0.1875,0.2134146341463415,0.06578947368421052,0.06451612903225806,0.1875,0.0641025641025641,0.12658227848101264,0.09493670886075949,0.09933774834437085
118,1190.0,0.21472392638036814,0.1875,0.2134146341463415,0.06578947368421052,0.06451612903225806,0.1875,0.0641025641025641,0.12658227848101264,0.09493670886075949,0.09933774834437085
119,1200.0,0.21472392638036814,0.1875,0.2134146341463415,0.06578947368421052,0.06451612903225806,0.1875,0.0641025641025641,0.12658227848101264,0.09493670886075949,0.09933774834437085
120,1210.0,0.21472392638036814,0.1875,0.2134146341463415,0.06578947368421052,0.06451612903225806,0.2439024390243902,0.0641025641025641,0.12658227848101264,0.09493670886075949,0.09933774834437085
121,1220.0,0.21472392638036814,0.18987341772151897,0.2134146341463415,0.09740259740259741,0.06451612903225806,0.2439024390243902,0.0641025641025641,0.12658227848101264,0.09493670886075949,0.09933774834437085
122,1230.0,0.21472392638036814,0.18987341772151897,0.2134146341463415,0.09740259740259741,0.06451612903225806,0.2439024390243902,0.0641025641025641,0.12658227848101264,0.09493670886075949,0.09933774834437085
123,1240.0,0.21472392638036814,0.18987341772151897,0.2134146341463415,0.09740259740259741,0.06451612903225806,0.2424242424242424,0.06578947368421052,0.12658227848101264,0.09493670886075949,0.09933774834437085
124,1250.0,0.21472392638036814,0.18987341772151897,0.2134146341463415,0.09740259740259741,0.06451612903225806,0.2424242424242424,0.06578947368421052,0.12658227848101264,0.09493670886075949,0.09933774834437085
125,1260.0,0.21472392638036814,0.18987341772151897,0.24096385542168672,0.09740259740259741,0.06451612903225806,0.2424242424242424,0.06578947368421052,0.12658227848101264,0.09493670886075949,0.09933774834437085
126,1270.0,0.21472392638036814,0.18987341772151897,0.24096385542168672,0.09740259740259741,0.06451612903225806,0.2424242424242424,0.06578947368421052,0.12658227848101264,0.09493670886075949,0.09933774834437085
127,1280.0,0.21472392638036814,0.18987341772151897,0.24096385542168672,0.09740259740259741,0.06451612903225806,0.2424242424242424,0.06578947368421052,0.12658227848101264,0.09493670886075949,0.09933774834437085
128,1290.0,0.21472392638036814,0.18987341772151897,0.24096385542168672,0.09740259740259741,0.06451612903225806,0.2424242424242424,0.06578947368421052,0.12658227848101264,0.09493670886075949,0.09933774834437085
129,1300.0,0.21472392638036814,0.18987341772151897,0.24096385542168672,0.09740259740259741,0.06451612903225806,0.2424242424242424,0.06578947368421052,0.12658227848101264,0.09493670886075949,0.09933774834437085
130,1310.0,0.21472392638036814,0.18987341772151897,0.24096385542168672,0.09740259740259741,0.06451612903225806,0.2424242424242424,0.06578947368421052,0.12658227848101264,0.09615384615384615,0.16129032258064516
131,1320.0,0.21472392638036814,0.18987341772151897,0.24096385542168672,0.09740259740259741,0.06451612903225806,0.2424242424242424,0.06578947368421052,0.12658227848101264,0.09615384615384615,0.16129032258064516
132,1330.0,0.27439024390243905,0.18987341772151897,0.24096385542168672,0.09740259740259741,0.06451612903225806,0.2424242424242424,0.06578947368421052,0.12658227848101264,0.09615384615384615,0.16129032258064516
133,1340.0,0.27439024390243905,0.18987341772151897,0.24096385542168672,0.09740259740259741,0.06451612903225806,0.2424242424242424,0.06578947368421052,0.12658227848101264,0.15822784810126583,0.16129032258064516
134,1350.0,0.27439024390243905,0.18987341772151897,0.24096385542168672,0.09740259740259741,0.06451612903225806,0.2424242424242424,0.06578947368421052,0.12658227848101264,0.15822784810126583,0.16129032258064516
135,1360.0,0.27439024390243905,0.18987341772151897,0.24096385542168672,0.09740259740259741,0.06451612903225806,0.2424242424242424,0.06578947368421052,0.12658227848101264,0.15822784810126583,0.16129032258064516
136,1370.0,0.27439024390243905,0.18987341772151897,0.24096385542168672,0.09740259740259741,0.06451612903225806,0.2424242424242424,0.06578947368421052,0.12658227848101264,0.15822784810126583,0.16129032258064516
137,1380.0,0.27439024390243905,0.18987341772151897,0.24096385542168672,0.18633540372670807,0.06451612903225806,0.2424242424242424,0.06578947368421052,0.12658227848101264,0.15822784810126583,0.16129032258064516
138,1390.0,0.27439024390243905,0.18987341772151897,0.24096385542168672,0.18633540372670807,0.06451612903225806,0.2424242424242424,0.06578947368421052,0.12658227848101264,0.15822784810126583,0.16129032258064516
139,1400.0,0.27439024390243905,0.18987341772151897,0.24096385542168672,0.18633540372670807,0.06451612903225806,0.2424242424242424,0.06578947368421052,0.12658227848101264,0.15822784810126583,0.16129032258064516
140,1410.0,0.27439024390243905,0.18987341772151897,0.24096385542168672,0.18633540372670807,0.06451612903225806,0.2424242424242424,0.06578947368421052,0.12658227848101264,0.15822784810126583,0.16129032258064516
141,1420.0,0.27439024390243905,0.18987341772151897,0.24096385542168672,0.2160493827160494,0.06451612903225806,0.2424242424242424,0.09803921568627451,0.12658227848101264,0.1592356687898089,0.16129032258064516
142,1430.0,0.27439024390243905,0.2160493827160494,0.24096385542168672,0.2160493827160494,0.12658227848101264,0.2424242424242424,0.09803921568627451,0.12658227848101264,0.1592356687898089,0.16129032258064516
143,1440.0,0.27439024390243905,0.2160493827160494,0.24096385542168672,0.2160493827160494,0.12658227848101264,0.2424242424242424,0.09803921568627451,0.12658227848101264,0.1592356687898089,0.16129032258064516
144,1450.0,0.3012048192771084,0.2160493827160494,0.24096385542168672,0.2160493827160494,0.12658227848101264,0.2424242424242424,0.09803921568627451,0.12658227848101264,0.1592356687898089,0.16129032258064516
145,1460.0,0.3012048192771084,0.2160493827160494,0.24096385542168672,0.2160493827160494,0.18633540372670807,0.2710843373493976,0.09803921568627451,0.12658227848101264,0.1592356687898089,0.16129032258064516
146,1470.0,0.3012048192771084,0.2160493827160494,0.24096385542168672,0.2160493827160494,0.18633540372670807,0.2710843373493976,0.09803921568627451,0.12658227848101264,0.1592356687898089,0.16129032258064516
147,1480.0,0.3012048192771084,0.2160493827160494,0.24096385542168672,0.2160493827160494,0.18633540372670807,0.2710843373493976,0.09803921568627451,0.12658227848101264,0.1592356687898089,0.16129032258064516
148,1490.0,0.3012048192771084,0.2160493827160494,0.24096385542168672,0.2160493827160494,0.18633540372670807,0.2994011976047904,0.09803921568627451,0.1592356687898089,0.1592356687898089,0.16129032258064516
149,1500.0,0.3012048192771084,0.2160493827160494,0.2694610778443114,0.2160493827160494,0.18633540372670807,0.2994011976047904,0.09803921568627451,0.1592356687898089,0.1592356687898089,0.16129032258064516
150,1510.0,0.3012048192771084,0.2160493827160494,0.2694610778443114,0.2160493827160494,0.18633540372670807,0.2994011976047904,0.09803921568627451,0.1592356687898089,0.1592356687898089,0.16129032258064516
151,1520.0,0.3012048192771084,0.2160493827160494,0.2694610778443114,0.2160493827160494,0.18633540372670807,0.2994011976047904,0.09803921568627451,0.1592356687898089,0.1592356687898089,0.16129032258064516
152,1530.0,0.3012048192771084,0.21212121212121213,0.2694610778443114,0.24096385542168672,0.18633540372670807,0.2994011976047904,0.09803921568627451,0.1592356687898089,0.1592356687898089,0.16129032258064516
153,1540.0,0.3012048192771084,0.21212121212121213,0.2710843373493976,0.24096385542168672,0.18633540372670807,0.2994011976047904,0.09933774834437085,0.1592356687898089,0.1592356687898089,0.16129032258064516
154,1550.0,0.3012048192771084,0.21212121212121213,0.2710843373493976,0.24096385542168672,0.18633540372670807,0.32934131736526945,0.09933774834437085,0.18987341772151897,0.1592356687898089,0.16129032258064516
155,1560.0,0.3012048192771084,0.21212121212121213,0.3012048192771084,0.24096385542168672,0.18633540372670807,0.32934131736526945,0.09933774834437085,0.18987341772151897,0.1910828025477707,0.16129032258064516
156,1570.0,0.3012048192771084,0.21212121212121213,0.3012048192771084,0.24096385542168672,0.18633540372670807,0.32934131736526945,0.09933774834437085,0.18987341772151897,0.1910828025477707,0.16129032258064516
157,1580.0,0.3012048192771084,0.21212121212121213,0.3012048192771084,0.24096385542168672,0.18633540372670807,0.32934131736526945,0.09933774834437085,0.18987341772151897,0.1910828025477707,0.16129032258064516
158,1590.0,0.3012048192771084,0.21212121212121213,0.3012048192771084,0.24096385542168672,0.18633540372670807,0.32934131736526945,0.09933774834437085,0.18987341772151897,0.1910828025477707,0.16129032258064516
159,1600.0,0.3012048192771084,0.21212121212121213,0.3273809523809524,0.24096385542168672,0.18633540372670807,0.32934131736526945,0.09933774834437085,0.18987341772151897,0.1910828025477707,0.16233766233766234
160,1610.0,0.3012048192771084,0.21212121212121213,0.3273809523809524,0.24096385542168672,0.18633540372670807,0.32934131736526945,0.09933774834437085,0.18987341772151897,0.22151898734177214,0.16233766233766234
161,1620.0,0.3012048192771084,0.21212121212121213,0.3273809523809524,0.3030303030303031,0.2439024390243902,0.32934131736526945,0.09933774834437085,0.18987341772151897,0.22151898734177214,0.16233766233766234
162,1630.0,0.3012048192771084,0.21212121212121213,0.3273809523809524,0.3030303030303031,0.2439024390243902,0.32934131736526945,0.09933774834437085,0.18987341772151897,0.22151898734177214,0.16233766233766234
163,1640.0,0.3012048192771084,0.21212121212121213,0.3273809523809524,0.3030303030303031,0.2439024390243902,0.32934131736526945,0.09933774834437085,0.18987341772151897,0.22151898734177214,0.16233766233766234
164,1650.0,0.3012048192771084,0.21212121212121213,0.3273809523809524,0.3030303030303031,0.2710843373493976,0.33132530120481934,0.09933774834437085,0.18987341772151897,0.22151898734177214,0.16233766233766234
165,1660.0,0.3012048192771084,0.21212121212121213,0.3273809523809524,0.3030303030303031,0.2710843373493976,0.33132530120481934,0.09933774834437085,0.220125786163522,0.22151898734177214,0.16233766233766234
166,1670.0,0.37572254335260113,0.21212121212121213,0.3273809523809524,0.3030303030303031,0.2710843373493976,0.33132530120481934,0.09933774834437085,0.220125786163522,0.22151898734177214,0.16233766233766234
167,1680.0,0.37572254335260113,0.21212121212121213,0.3273809523809524,0.3030303030303031,0.2710843373493976,0.33132530120481934,0.09933774834437085,0.220125786163522,0.22151898734177214,0.16233766233766234
168,1690.0,0.37572254335260113,0.21212121212121213,0.3273809523809524,0.3030303030303031,0.2710843373493976,0.35502958579881655,0.13157894736842105,0.2830188679245283,0.22151898734177214,0.16233766233766234
169,1700.0,0.37572254335260113,0.21212121212121213,0.3273809523809524,0.3030303030303031,0.2710843373493976,0.35502958579881655,0.13157894736842105,0.2830188679245283,0.22151898734177214,0.16233766233766234
170,1710.0,0.37572254335260113,0.21212121212121213,0.3273809523809524,0.3030303030303031,0.2710843373493976,0.35502958579881655,0.13157894736842105,0.2830188679245283,0.22151898734177214,0.16233766233766234
171,1720.0,0.37572254335260113,0.21212121212121213,0.3273809523809524,0.3030303030303031,0.2710843373493976,0.35502958579881655,0.13157894736842105,0.2830188679245283,0.22151898734177214,0.16233766233766234
172,1730.0,0.37572254335260113,0.21212121212121213,0.3273809523809524,0.3030303030303031,0.2710843373493976,0.35502958579881655,0.13157894736842105,0.2830188679245283,0.22151898734177214,0.16233766233766234
173,1740.0,0.37572254335260113,0.21212121212121213,0.33132530120481934,0.3030303030303031,0.2710843373493976,0.35502958579881655,0.13157894736842105,0.2830188679245283,0.22151898734177214,0.16233766233766234
174,1750.0,0.37572254335260113,0.21212121212121213,0.33132530120481934,0.3030303030303031,0.2710843373493976,0.35502958579881655,0.13157894736842105,0.2830188679245283,0.22151898734177214,0.16233766233766234
175,1760.0,0.37572254335260113,0.21212121212121213,0.33132530120481934,0.3030303030303031,0.2710843373493976,0.35502958579881655,0.13157894736842105,0.2830188679245283,0.22151898734177214,0.16233766233766234
176,1770.0,0.37572254335260113,0.21212121212121213,0.3869047619047619,0.3333333333333333,0.2710843373493976,0.35502958579881655,0.13157894736842105,0.2830188679245283,0.22151898734177214,0.16233766233766234
177,1780.0,0.40229885057471265,0.21212121212121213,0.3869047619047619,0.3333333333333333,0.2710843373493976,0.4571428571428571,0.1935483870967742,0.2830188679245283,0.22151898734177214,0.16233766233766234
178,1790.0,0.4310344827586208,0.21212121212121213,0.3869047619047619,0.3333333333333333,0.2710843373493976,0.4571428571428571,0.1935483870967742,0.2830188679245283,0.22151898734177214,0.16233766233766234
179,1800.0,0.4310344827586208,0.21212121212121213,0.3869047619047619,0.3333333333333333,0.2710843373493976,0.4571428571428571,0.1935483870967742,0.3636363636363636,0.22151898734177214,0.16233766233766234
180,1810.0,0.4310344827586208,0.21212121212121213,0.41420118343195267,0.3333333333333333,0.2710843373493976,0.4571428571428571,0.1935483870967742,0.3636363636363636,0.22151898734177214,0.15822784810126583
181,1820.0,0.4310344827586208,0.21212121212121213,0.41420118343195267,0.3333333333333333,0.2710843373493976,0.4571428571428571,0.1935483870967742,0.3636363636363636,0.22435897435897434,0.15822784810126583
182,1830.0,0.4310344827586208,0.21212121212121213,0.41420118343195267,0.3333333333333333,0.2710843373493976,0.4571428571428571,0.1935483870967742,0.3636363636363636,0.22435897435897434,0.15822784810126583
183,1840.0,0.4310344827586208,0.21212121212121213,0.4166666666666667,0.3333333333333333,0.2710843373493976,0.4571428571428571,0.1935483870967742,0.3636363636363636,0.22435897435897434,0.15822784810126583
184,1850.0,0.4310344827586208,0.21212121212121213,0.4166666666666667,0.3333333333333333,0.2710843373493976,0.4571428571428571,0.1935483870967742,0.3636363636363636,0.3144654088050315,0.15822784810126583
185,1860.0,0.4310344827586208,0.21212121212121213,0.4166666666666667,0.3333333333333333,0.2710843373493976,0.4571428571428571,0.1935483870967742,0.3636363636363636,0.3144654088050315,0.15822784810126583
186,1870.0,0.4310344827586208,0.21212121212121213,0.4166666666666667,0.3333333333333333,0.2710843373493976,0.4571428571428571,0.1935483870967742,0.3636363636363636,0.3144654088050315,0.15822784810126583
187,1880.0,0.4310344827586208,0.21212121212121213,0.4166666666666667,0.3333333333333333,0.2710843373493976,0.4571428571428571,0.1935483870967742,0.3636363636363636,0.3144654088050315,0.15822784810126583
188,1890.0,0.4310344827586208,0.21212121212121213,0.4166666666666667,0.3333333333333333,0.2710843373493976,0.4571428571428571,0.1935483870967742,0.3636363636363636,0.3144654088050315,0.15822784810126583
189,1900.0,0.4310344827586208,0.21212121212121213,0.4166666666666667,0.3333333333333333,0.2710843373493976,0.4571428571428571,0.1935483870967742,0.3636363636363636,0.3144654088050315,0.15822784810126583
190,1910.0,0.4310344827586208,0.21212121212121213,0.4166666666666667,0.3333333333333333,0.2710843373493976,0.4571428571428571,0.22435897435897434,0.3636363636363636,0.3144654088050315,0.15822784810126583
191,1920.0,0.4310344827586208,0.21212121212121213,0.4166666666666667,0.3333333333333333,0.2710843373493976,0.4571428571428571,0.22435897435897434,0.3636363636363636,0.3144654088050315,0.15822784810126583
192,1930.0,0.4829545454545454,0.21212121212121213,0.4166666666666667,0.3333333333333333,0.2710843373493976,0.4571428571428571,0.22435897435897434,0.3636363636363636,0.3144654088050315,0.15822784810126583
193,1940.0,0.4829545454545454,0.2439024390243902,0.4166666666666667,0.3333333333333333,0.2710843373493976,0.4571428571428571,0.22435897435897434,0.3636363636363636,0.3184713375796178,0.18867924528301885
194,1950.0,0.4829545454545454,0.2439024390243902,0.4166666666666667,0.3333333333333333,0.2710843373493976,0.4571428571428571,0.22435897435897434,0.3636363636363636,0.3184713375796178,0.18867924528301885
195,1960.0,0.4829545454545454,0.2439024390243902,0.4166666666666667,0.3333333333333333,0.2710843373493976,0.4571428571428571,0.22435897435897434,0.3636363636363636,0.3184713375796178,0.18987341772151897
196,1970.0,0.4829545454545454,0.32934131736526945,0.4166666666666667,0.3333333333333333,0.2710843373493976,0.4571428571428571,0.22435897435897434,0.3636363636363636,0.3481012658227848,0.18987341772151897
197,1980.0,0.4829545454545454,0.32934131736526945,0.4166666666666667,0.3333333333333333,0.2710843373493976,0.4571428571428571,0.22435897435897434,0.3636363636363636,0.3481012658227848,0.18987341772151897
198,1990.0,0.4829545454545454,0.32934131736526945,0.4166666666666667,0.3333333333333333,0.2710843373493976,0.4571428571428571,0.22435897435897434,0.3636363636363636,0.3481012658227848,0.18987341772151897
199,2000.0,0.4829545454545454,0.32934131736526945,0.4166666666666667,0.3333333333333333,0.2710843373493976,0.4571428571428571,0.22435897435897434,0.3636363636363636,0.3481012658227848,0.18987341772151897
200,2010.0,0.4829545454545454,0.4117647058823529,0.4166666666666667,0.3333333333333333,0.2710843373493976,0.4571428571428571,0.22435897435897434,0.3636363636363636,0.3481012658227848,0.18987341772151897
201,2020.0,0.4829545454545454,0.4117647058823529,0.4166666666666667,0.3333333333333333,0.2710843373493976,0.4571428571428571,0.25477707006369427,0.3636363636363636,0.3481012658227848,0.18987341772151897
202,2030.0,0.4829545454545454,0.4117647058823529,0.4166666666666667,0.3333333333333333,0.2710843373493976,0.4571428571428571,0.25477707006369427,0.4166666666666667,0.3481012658227848,0.18987341772151897
203,2040.0,0.4829545454545454,0.4385964912280702,0.4166666666666667,0.3067484662576688,0.2710843373493976,0.4571428571428571,0.25477707006369427,0.4166666666666667,0.3481012658227848,0.18987341772151897
204,2050.0,0.4829545454545454,0.4385964912280702,0.4166666666666667,0.3067484662576688,0.2710843373493976,0.4571428571428571,0.25477707006369427,0.4166666666666667,0.3481012658227848,0.18987341772151897
205,2060.0,0.4829545454545454,0.4385964912280702,0.44378698224852076,0.3067484662576688,0.2710843373493976,0.4571428571428571,0.25477707006369427,0.4705882352941176,0.3481012658227848,0.18987341772151897
206,2070.0,0.48022598870056493,0.4385964912280702,0.44378698224852076,0.3067484662576688,0.2710843373493976,0.4571428571428571,0.2531645569620253,0.4705882352941176,0.3481012658227848,0.18987341772151897
207,2080.0,0.48022598870056493,0.4385964912280702,0.44378698224852076,0.3067484662576688,0.3012048192771084,0.4571428571428571,0.2531645569620253,0.4705882352941176,0.3481012658227848,0.18987341772151897
208,2090.0,0.48022598870056493,0.4385964912280702,0.44378698224852076,0.3067484662576688,0.3012048192771084,0.4571428571428571,0.2531645569620253,0.4705882352941176,0.3481012658227848,0.18987341772151897
209,2100.0,0.48022598870056493,0.4385964912280702,0.5232558139534884,0.3067484662576688,0.3012048192771084,0.4571428571428571,0.2531645569620253,0.4705882352941176,0.3481012658227848,0.18987341772151897
210,2110.0,0.48022598870056493,0.4385964912280702,0.5232558139534884,0.3067484662576688,0.3012048192771084,0.4571428571428571,0.2531645569620253,0.4705882352941176,0.3481012658227848,0.18987341772151897
211,2120.0,0.48022598870056493,0.4385964912280702,0.5232558139534884,0.3067484662576688,0.3012048192771084,0.4571428571428571,0.2531645569620253,0.4705882352941176,0.3481012658227848,0.22151898734177214
212,2130.0,0.48022598870056493,0.4385964912280702,0.5232558139534884,0.3067484662576688,0.3012048192771084,0.4571428571428571,0.2531645569620253,0.4705882352941176,0.3481012658227848,0.22151898734177214
213,2140.0,0.48022598870056493,0.4385964912280702,0.5232558139534884,0.3067484662576688,0.3012048192771084,0.4571428571428571,0.2531645569620253,0.4705882352941176,0.3481012658227848,0.22151898734177214
214,2150.0,0.48022598870056493,0.4385964912280702,0.5232558139534884,0.3067484662576688,0.3012048192771084,0.4571428571428571,0.2531645569620253,0.4705882352941176,0.3481012658227848,0.22151898734177214
215,2160.0,0.48022598870056493,0.4385964912280702,0.5232558139534884,0.3067484662576688,0.3012048192771084,0.4571428571428571,0.2531645569620253,0.4705882352941176,0.3481012658227848,0.22151898734177214
216,2170.0,0.48022598870056493,0.4385964912280702,0.5232558139534884,0.3067484662576688,0.3012048192771084,0.4829545454545454,0.2830188679245283,0.4705882352941176,0.3481012658227848,0.22151898734177214
217,2180.0,0.48022598870056493,0.4385964912280702,0.5232558139534884,0.3067484662576688,0.3012048192771084,0.4829545454545454,0.2830188679245283,0.4705882352941176,0.3481012658227848,0.22151898734177214
218,2190.0,0.48022598870056493,0.4385964912280702,0.5232558139534884,0.3067484662576688,0.3012048192771084,0.4829545454545454,0.2830188679245283,0.4705882352941176,0.3481012658227848,0.22151898734177214
219,2200.0,0.48022598870056493,0.4385964912280702,0.5232558139534884,0.3067484662576688,0.3571428571428571,0.5084745762711864,0.2830188679245283,0.4705882352941176,0.3481012658227848,0.22151898734177214
220,2210.0,0.4829545454545454,0.4385964912280702,0.5232558139534884,0.3067484662576688,0.3571428571428571,0.5084745762711864,0.2830188679245283,0.5294117647058824,0.3481012658227848,0.22151898734177214
221,2220.0,0.4829545454545454,0.4385964912280702,0.5232558139534884,0.3067484662576688,0.3571428571428571,0.5084745762711864,0.31055900621118016,0.5294117647058824,0.3481012658227848,0.22151898734177214
222,2230.0,0.4829545454545454,0.4385964912280702,0.5232558139534884,0.3067484662576688,0.44117647058823534,0.5084745762711864,0.31055900621118016,0.5294117647058824,0.3481012658227848,0.22151898734177214
223,2240.0,0.4829545454545454,0.4385964912280702,0.5232558139534884,0.3067484662576688,0.44117647058823534,0.5084745762711864,0.31055900621118016,0.5294117647058824,0.3481012658227848,0.22151898734177214
224,2250.0,0.4829545454545454,0.4385964912280702,0.5232558139534884,0.3067484662576688,0.44117647058823534,0.5084745762711864,0.31055900621118016,0.5294117647058824,0.3481012658227848,0.22151898734177214
225,2260.0,0.4829545454545454,0.4385964912280702,0.5232558139534884,0.3067484662576688,0.44117647058823534,0.5084745762711864,0.31055900621118016,0.5294117647058824,0.3481012658227848,0.22151898734177214
226,2270.0,0.4829545454545454,0.4385964912280702,0.5263157894736842,0.3067484662576688,0.44117647058823534,0.5084745762711864,0.33950617283950624,0.5294117647058824,0.3481012658227848,0.22151898734177214
227,2280.0,0.4829545454545454,0.4385964912280702,0.5263157894736842,0.3067484662576688,0.44117647058823534,0.5084745762711864,0.33950617283950624,0.5294117647058824,0.3481012658227848,0.22151898734177214
228,2290.0,0.4829545454545454,0.4385964912280702,0.5263157894736842,0.3067484662576688,0.44117647058823534,0.5337078651685393,0.33950617283950624,0.5294117647058824,0.3481012658227848,0.22151898734177214
229,2300.0,0.4829545454545454,0.4385964912280702,0.5263157894736842,0.3067484662576688,0.44117647058823534,0.5337078651685393,0.33950617283950624,0.5294117647058824,0.3481012658227848,0.22151898734177214
230,2310.0,0.4829545454545454,0.4385964912280702,0.5263157894736842,0.3067484662576688,0.44117647058823534,0.5337078651685393,0.33950617283950624,0.5294117647058824,0.3481012658227848,0.22151898734177214
231,2320.0,0.4829545454545454,0.4385964912280702,0.5263157894736842,0.3067484662576688,0.44117647058823534,0.5337078651685393,0.33950617283950624,0.5523255813953489,0.3481012658227848,0.22151898734177214
232,2330.0,0.4829545454545454,0.4651162790697673,0.5263157894736842,0.3067484662576688,0.44117647058823534,0.5337078651685393,0.33950617283950624,0.5523255813953489,0.3481012658227848,0.22151898734177214
233,2340.0,0.4829545454545454,0.4651162790697673,0.5263157894736842,0.3067484662576688,0.44117647058823534,0.5337078651685393,0.33950617283950624,0.5523255813953489,0.3481012658227848,0.22151898734177214
234,2350.0,0.4829545454545454,0.4651162790697673,0.5263157894736842,0.3067484662576688,0.44117647058823534,0.5337078651685393,0.33950617283950624,0.5523255813953489,0.3481012658227848,0.22151898734177214
235,2360.0,0.4829545454545454,0.46783625730994144,0.5263157894736842,0.33950617283950624,0.44117647058823534,0.5337078651685393,0.33950617283950624,0.5523255813953489,0.3481012658227848,0.22151898734177214
236,2370.0,0.4829545454545454,0.46783625730994144,0.5263157894736842,0.33950617283950624,0.44117647058823534,0.5337078651685393,0.3636363636363636,0.5523255813953489,0.3481012658227848,0.22151898734177214
237,2380.0,0.4829545454545454,0.46783625730994144,0.5263157894736842,0.33950617283950624,0.44117647058823534,0.5337078651685393,0.3636363636363636,0.5523255813953489,0.37267080745341613,0.22151898734177214
238,2390.0,0.4829545454545454,0.46783625730994144,0.5523255813953489,0.33950617283950624,0.4733727810650888,0.5337078651685393,0.3636363636363636,0.5523255813953489,0.37267080745341613,0.22151898734177214
239,2400.0,0.4829545454545454,0.46783625730994144,0.5523255813953489,0.33950617283950624,0.4733727810650888,0.5337078651685393,0.3636363636363636,0.5523255813953489,0.37267080745341613,0.22151898734177214
240,2410.0,0.5113636363636364,0.46783625730994144,0.5523255813953489,0.33950617283950624,0.4733727810650888,0.5337078651685393,0.3636363636363636,0.5523255813953489,0.37267080745341613,0.22151898734177214
241,2420.0,0.5113636363636364,0.46783625730994144,0.5523255813953489,0.33950617283950624,0.5263157894736842,0.5337078651685393,0.3636363636363636,0.5523255813953489,0.37267080745341613,0.27607361963190186
242,2430.0,0.5113636363636364,0.46783625730994144,0.5523255813953489,0.33950617283950624,0.5263157894736842,0.5337078651685393,0.3636363636363636,0.5523255813953489,0.37267080745341613,0.27607361963190186
243,2440.0,0.5113636363636364,0.46783625730994144,0.5523255813953489,0.33950617283950624,0.5263157894736842,0.5337078651685393,0.3636363636363636,0.5523255813953489,0.37267080745341613,0.27607361963190186
244,2450.0,0.5113636363636364,0.46783625730994144,0.5523255813953489,0.33950617283950624,0.5263157894736842,0.5337078651685393,0.3939393939393939,0.5523255813953489,0.37267080745341613,0.27607361963190186
245,2460.0,0.5113636363636364,0.46783625730994144,0.5523255813953489,0.33950617283950624,0.5263157894736842,0.558659217877095,0.3939393939393939,0.5523255813953489,0.37267080745341613,0.27607361963190186
246,2470.0,0.5113636363636364,0.46783625730994144,0.5523255813953489,0.375,0.5263157894736842,0.5617977528089888,0.3939393939393939,0.5523255813953489,0.37267080745341613,0.27607361963190186
247,2480.0,0.5113636363636364,0.46783625730994144,0.5523255813953489,0.375,0.5263157894736842,0.5617977528089888,0.3939393939393939,0.5523255813953489,0.37267080745341613,0.27607361963190186
248,2490.0,0.5113636363636364,0.46783625730994144,0.5523255813953489,0.375,0.5263157894736842,0.5617977528089888,0.3939393939393939,0.5523255813953489,0.37267080745341613,0.27607361963190186
249,2500.0,0.5113636363636364,0.46783625730994144,0.5523255813953489,0.375,0.5263157894736842,0.5617977528089888,0.3939393939393939,0.5523255813953489,0.37267080745341613,0.27607361963190186
250,2510.0,0.5113636363636364,0.46783625730994144,0.5523255813953489,0.375,0.5263157894736842,0.5617977528089888,0.3939393939393939,0.5523255813953489,0.37267080745341613,0.27607361963190186
251,2520.0,0.5113636363636364,0.46783625730994144,0.5523255813953489,0.375,0.5263157894736842,0.5617977528089888,0.3939393939393939,0.5523255813953489,0.42424242424242425,0.27607361963190186
252,2530.0,0.5113636363636364,0.46783625730994144,0.5523255813953489,0.375,0.5263157894736842,0.5617977528089888,0.3939393939393939,0.5523255813953489,0.42424242424242425,0.2777777777777778
253,2540.0,0.5084745762711864,0.46783625730994144,0.5523255813953489,0.375,0.5263157894736842,0.5617977528089888,0.3939393939393939,0.5523255813953489,0.42424242424242425,0.2777777777777778
254,2550.0,0.5084745762711864,0.46783625730994144,0.5523255813953489,0.375,0.5263157894736842,0.5617977528089888,0.4216867469879518,0.5523255813953489,0.42424242424242425,0.3915662650602409
255,2560.0,0.5084745762711864,0.46783625730994144,0.5523255813953489,0.375,0.5263157894736842,0.5649717514124294,0.4216867469879518,0.5523255813953489,0.47619047619047616,0.3915662650602409
256,2570.0,0.5084745762711864,0.46783625730994144,0.5523255813953489,0.375,0.5263157894736842,0.5649717514124294,0.4216867469879518,0.5523255813953489,0.47619047619047616,0.3915662650602409
257,2580.0,0.5084745762711864,0.46783625730994144,0.5523255813953489,0.375,0.5263157894736842,0.5649717514124294,0.4216867469879518,0.5523255813953489,0.47619047619047616,0.3915662650602409
258,2590.0,0.5084745762711864,0.46783625730994144,0.5523255813953489,0.375,0.5263157894736842,0.5649717514124294,0.4216867469879518,0.5523255813953489,0.47619047619047616,0.4191616766467066
259,2600.0,0.5084745762711864,0.46783625730994144,0.5523255813953489,0.42944785276073627,0.5263157894736842,0.5649717514124294,0.4216867469879518,0.5523255813953489,0.47619047619047616,0.4191616766467066
260,2610.0,0.5084745762711864,0.46783625730994144,0.5523255813953489,0.42944785276073627,0.5263157894736842,0.5649717514124294,0.4216867469879518,0.5523255813953489,0.47619047619047616,0.4191616766467066
261,2620.0,0.5084745762711864,0.46783625730994144,0.5523255813953489,0.42944785276073627,0.5263157894736842,0.5649717514124294,0.4216867469879518,0.5523255813953489,0.47619047619047616,0.4191616766467066
262,2630.0,0.5084745762711864,0.46783625730994144,0.5523255813953489,0.42944785276073627,0.5263157894736842,0.5649717514124294,0.4216867469879518,0.5523255813953489,0.47619047619047616,0.4191616766467066
263,2640.0,0.5084745762711864,0.46783625730994144,0.5523255813953489,0.42944785276073627,0.5263157894736842,0.5649717514124294,0.4216867469879518,0.5523255813953489,0.47619047619047616,0.4191616766467066
264,2650.0,0.5084745762711864,0.46783625730994144,0.5523255813953489,0.42944785276073627,0.5263157894736842,0.5681818181818182,0.4216867469879518,0.5523255813953489,0.47619047619047616,0.4216867469879518
265,2660.0,0.5084745762711864,0.46783625730994144,0.5523255813953489,0.42944785276073627,0.5263157894736842,0.5681818181818182,0.4216867469879518,0.5523255813953489,0.47619047619047616,0.4216867469879518
266,2670.0,0.5084745762711864,0.46783625730994144,0.5523255813953489,0.42944785276073627,0.5263157894736842,0.5681818181818182,0.4216867469879518,0.5523255813953489,0.5029585798816568,0.4216867469879518
267,2680.0,0.5084745762711864,0.46783625730994144,0.5523255813953489,0.42944785276073627,0.5263157894736842,0.5681818181818182,0.4216867469879518,0.5523255813953489,0.5029585798816568,0.4216867469879518
268,2690.0,0.5084745762711864,0.46783625730994144,0.5523255813953489,0.42944785276073627,0.5294117647058824,0.5681818181818182,0.4216867469879518,0.5523255813953489,0.5029585798816568,0.4216867469879518
269,2700.0,0.5084745762711864,0.46783625730994144,0.5523255813953489,0.48192771084337344,0.5294117647058824,0.5681818181818182,0.4216867469879518,0.5523255813953489,0.5029585798816568,0.4216867469879518
270,2710.0,0.5084745762711864,0.46783625730994144,0.5523255813953489,0.48192771084337344,0.5813953488372093,0.5681818181818182,0.4216867469879518,0.5523255813953489,0.5029585798816568,0.4216867469879518
271,2720.0,0.5084745762711864,0.46783625730994144,0.5523255813953489,0.48192771084337344,0.5813953488372093,0.5681818181818182,0.4216867469879518,0.5523255813953489,0.5029585798816568,0.4216867469879518
272,2730.0,0.5337078651685393,0.46783625730994144,0.5523255813953489,0.48192771084337344,0.5813953488372093,0.5681818181818182,0.4216867469879518,0.5523255813953489,0.5029585798816568,0.4216867469879518
273,2740.0,0.5337078651685393,0.46783625730994144,0.5523255813953489,0.48192771084337344,0.584795321637427,0.5932203389830508,0.4216867469879518,0.5523255813953489,0.5029585798816568,0.4491017964071857
274,2750.0,0.5397727272727273,0.46783625730994144,0.5523255813953489,0.48192771084337344,0.584795321637427,0.5932203389830508,0.4216867469879518,0.5780346820809249,0.5029585798816568,0.4491017964071857
275,2760.0,0.5397727272727273,0.46783625730994144,0.5523255813953489,0.48192771084337344,0.584795321637427,0.5932203389830508,0.4216867469879518,0.5780346820809249,0.5029585798816568,0.4491017964071857
276,2770.0,0.5397727272727273,0.46783625730994144,0.5523255813953489,0.48192771084337344,0.584795321637427,0.5932203389830508,0.4216867469879518,0.5780346820809249,0.5029585798816568,0.4491017964071857
277,2780.0,0.5428571428571428,0.46783625730994144,0.5747126436781609,0.48192771084337344,0.584795321637427,0.5932203389830508,0.4216867469879518,0.5780346820809249,0.5029585798816568,0.4491017964071857
278,2790.0,0.5428571428571428,0.46783625730994144,0.5747126436781609,0.48192771084337344,0.584795321637427,0.5932203389830508,0.4216867469879518,0.5780346820809249,0.5029585798816568,0.4491017964071857
279,2800.0,0.5428571428571428,0.46783625730994144,0.5747126436781609,0.48192771084337344,0.584795321637427,0.5932203389830508,0.4216867469879518,0.5780346820809249,0.5029585798816568,0.4491017964071857
280,2810.0,0.5428571428571428,0.46783625730994144,0.6,0.5089820359281436,0.584795321637427,0.5932203389830508,0.4216867469879518,0.5780346820809249,0.5029585798816568,0.4491017964071857
281,2820.0,0.5428571428571428,0.46783625730994144,0.6,0.5089820359281436,0.584795321637427,0.5932203389830508,0.4216867469879518,0.5780346820809249,0.5029585798816568,0.4491017964071857
282,2830.0,0.5428571428571428,0.46783625730994144,0.6,0.5089820359281436,0.584795321637427,0.5932203389830508,0.4216867469879518,0.5780346820809249,0.5029585798816568,0.4491017964071857
283,2840.0,0.5428571428571428,0.49418604651162784,0.6,0.588235294117647,0.584795321637427,0.5932203389830508,0.4216867469879518,0.5780346820809249,0.5029585798816568,0.4491017964071857
284,2850.0,0.5428571428571428,0.49418604651162784,0.6,0.588235294117647,0.584795321637427,0.5932203389830508,0.47619047619047616,0.5780346820809249,0.5029585798816568,0.4491017964071857
285,2860.0,0.5428571428571428,0.49418604651162784,0.6,0.588235294117647,0.584795321637427,0.5932203389830508,0.47619047619047616,0.5780346820809249,0.5029585798816568,0.4491017964071857
286,2870.0,0.5428571428571428,0.5172413793103449,0.6,0.588235294117647,0.584795321637427,0.5932203389830508,0.47619047619047616,0.5780346820809249,0.5029585798816568,0.4491017964071857
287,2880.0,0.5428571428571428,0.5172413793103449,0.6,0.588235294117647,0.584795321637427,0.5932203389830508,0.47619047619047616,0.5780346820809249,0.5029585798816568,0.4491017964071857
288,2890.0,0.5428571428571428,0.5172413793103449,0.6,0.588235294117647,0.584795321637427,0.5932203389830508,0.47619047619047616,0.5780346820809249,0.5029585798816568,0.4491017964071857
289,2900.0,0.5428571428571428,0.5142857142857142,0.6,0.588235294117647,0.6534090909090908,0.5932203389830508,0.47619047619047616,0.5780346820809249,0.5714285714285714,0.4491017964071857
290,2910.0,0.5428571428571428,0.5142857142857142,0.6,0.588235294117647,0.6534090909090908,0.5932203389830508,0.47619047619047616,0.5780346820809249,0.5714285714285714,0.4491017964071857
291,2920.0,0.5428571428571428,0.5142857142857142,0.6,0.588235294117647,0.6534090909090908,0.5932203389830508,0.47619047619047616,0.5780346820809249,0.5714285714285714,0.4464285714285715
292,2930.0,0.5428571428571428,0.5397727272727273,0.6,0.588235294117647,0.6779661016949153,0.5932203389830508,0.47619047619047616,0.5780346820809249,0.5714285714285714,0.4464285714285715
293,2940.0,0.5428571428571428,0.5397727272727273,0.6,0.588235294117647,0.6779661016949153,0.5932203389830508,0.47619047619047616,0.5780346820809249,0.5714285714285714,0.4464285714285715
294,2950.0,0.5428571428571428,0.5397727272727273,0.6,0.588235294117647,0.6779661016949153,0.5932203389830508,0.47619047619047616,0.5780346820809249,0.5714285714285714,0.4464285714285715
295,2960.0,0.5428571428571428,0.5397727272727273,0.6,0.588235294117647,0.6779661016949153,0.5932203389830508,0.47619047619047616,0.5780346820809249,0.5714285714285714,0.4464285714285715
296,2970.0,0.5428571428571428,0.5397727272727273,0.6034482758620691,0.588235294117647,0.6779661016949153,0.5932203389830508,0.47619047619047616,0.5780346820809249,0.5714285714285714,0.4464285714285715
297,2980.0,0.5428571428571428,0.5397727272727273,0.6034482758620691,0.588235294117647,0.6779661016949153,0.5932203389830508,0.47619047619047616,0.5780346820809249,0.5714285714285714,0.4464285714285715
298,2990.0,0.5428571428571428,0.5397727272727273,0.6034482758620691,0.588235294117647,0.6779661016949153,0.5932203389830508,0.47619047619047616,0.5780346820809249,0.5714285714285714,0.4464285714285715
299,3000.0,0.5428571428571428,0.5397727272727273,0.6034482758620691,0.588235294117647,0.6779661016949153,0.5932203389830508,0.47619047619047616,0.5780346820809249,0.5714285714285714,0.4464285714285715
300,3010.0,0.5428571428571428,0.5397727272727273,0.6034482758620691,0.6395348837209303,0.6779661016949153,0.5932203389830508,0.47619047619047616,0.5780346820809249,0.5714285714285714,0.4464285714285715
301,3020.0,0.5428571428571428,0.5397727272727273,0.6034482758620691,0.6395348837209303,0.6779661016949153,0.5932203389830508,0.47619047619047616,0.5813953488372093,0.5714285714285714,0.4464285714285715
302,3030.0,0.5428571428571428,0.5397727272727273,0.6034482758620691,0.6395348837209303,0.6779661016949153,0.5932203389830508,0.47619047619047616,0.5813953488372093,0.5714285714285714,0.49999999999999994
303,3040.0,0.5428571428571428,0.5397727272727273,0.6034482758620691,0.6395348837209303,0.6779661016949153,0.5932203389830508,0.47619047619047616,0.5813953488372093,0.6285714285714287,0.49999999999999994
304,3050.0,0.5428571428571428,0.5397727272727273,0.6034482758620691,0.6395348837209303,0.6779661016949153,0.5932203389830508,0.47619047619047616,0.5813953488372093,0.6285714285714287,0.49999999999999994
305,3060.0,0.5428571428571428,0.5397727272727273,0.6034482758620691,0.6395348837209303,0.6779661016949153,0.5932203389830508,0.47619047619047616,0.5813953488372093,0.6285714285714287,0.49999999999999994
306,3070.0,0.5428571428571428,0.5397727272727273,0.6034482758620691,0.6395348837209303,0.6779661016949153,0.5932203389830508,0.47619047619047616,0.5813953488372093,0.6285714285714287,0.5263157894736842
307,3080.0,0.5428571428571428,0.5397727272727273,0.6034482758620691,0.6395348837209303,0.6779661016949153,0.5932203389830508,0.47619047619047616,0.5813953488372093,0.6285714285714287,0.5263157894736842
308,3090.0,0.5428571428571428,0.5397727272727273,0.6034482758620691,0.6395348837209303,0.6779661016949153,0.5932203389830508,0.47619047619047616,0.5813953488372093,0.6285714285714287,0.5263157894736842
309,3100.0,0.5428571428571428,0.5397727272727273,0.6034482758620691,0.6395348837209303,0.6779661016949153,0.5932203389830508,0.47619047619047616,0.5813953488372093,0.6285714285714287,0.5263157894736842
310,3110.0,0.5428571428571428,0.5397727272727273,0.6034482758620691,0.6395348837209303,0.6779661016949153,0.5932203389830508,0.47619047619047616,0.5813953488372093,0.6285714285714287,0.5263157894736842
311,3120.0,0.5428571428571428,0.5397727272727273,0.6034482758620691,0.6395348837209303,0.6779661016949153,0.5932203389830508,0.47619047619047616,0.5813953488372093,0.6285714285714287,0.5263157894736842
312,3130.0,0.5428571428571428,0.5397727272727273,0.6034482758620691,0.6395348837209303,0.6779661016949153,0.6424581005586592,0.47619047619047616,0.6069364161849711,0.6285714285714287,0.5263157894736842
313,3140.0,0.5428571428571428,0.5397727272727273,0.6034482758620691,0.6358381502890174,0.6779661016949153,0.6424581005586592,0.47619047619047616,0.6069364161849711,0.6285714285714287,0.5263157894736842
314,3150.0,0.5681818181818182,0.5397727272727273,0.6034482758620691,0.6358381502890174,0.6779661016949153,0.6424581005586592,0.47619047619047616,0.6069364161849711,0.6285714285714287,0.5263157894736842
315,3160.0,0.5965909090909092,0.5397727272727273,0.6034482758620691,0.6358381502890174,0.6779661016949153,0.6388888888888888,0.5294117647058824,0.6069364161849711,0.6285714285714287,0.5263157894736842
316,3170.0,0.5965909090909092,0.5397727272727273,0.6034482758620691,0.6358381502890174,0.6779661016949153,0.6388888888888888,0.5294117647058824,0.6069364161849711,0.6285714285714287,0.5263157894736842
317,3180.0,0.5965909090909092,0.5397727272727273,0.6069364161849711,0.6358381502890174,0.6779661016949153,0.6388888888888888,0.5294117647058824,0.6069364161849711,0.6285714285714287,0.5263157894736842
318,3190.0,0.5965909090909092,0.5397727272727273,0.6069364161849711,0.6358381502890174,0.6779661016949153,0.6388888888888888,0.5294117647058824,0.6069364161849711,0.6285714285714287,0.5263157894736842
319,3200.0,0.5965909090909092,0.5397727272727273,0.6069364161849711,0.6358381502890174,0.6779661016949153,0.6388888888888888,0.5294117647058824,0.6069364161849711,0.6285714285714287,0.5263157894736842
320,3210.0,0.5965909090909092,0.5397727272727273,0.6069364161849711,0.6358381502890174,0.6779661016949153,0.6388888888888888,0.5294117647058824,0.6069364161849711,0.6285714285714287,0.5263157894736842
321,3220.0,0.5965909090909092,0.5397727272727273,0.6069364161849711,0.6358381502890174,0.6779661016949153,0.6388888888888888,0.5294117647058824,0.6069364161849711,0.6285714285714287,0.5263157894736842
322,3230.0,0.5965909090909092,0.5397727272727273,0.6069364161849711,0.6358381502890174,0.6779661016949153,0.6388888888888888,0.5294117647058824,0.6069364161849711,0.6285714285714287,0.5263157894736842
323,3240.0,0.5965909090909092,0.5397727272727273,0.6069364161849711,0.6358381502890174,0.6779661016949153,0.6388888888888888,0.5294117647058824,0.6069364161849711,0.6285714285714287,0.5263157894736842
324,3250.0,0.5965909090909092,0.5397727272727273,0.6069364161849711,0.6358381502890174,0.6779661016949153,0.6388888888888888,0.5294117647058824,0.6069364161849711,0.6285714285714287,0.5263157894736842
325,3260.0,0.5965909090909092,0.5397727272727273,0.6358381502890174,0.6358381502890174,0.6779661016949153,0.6388888888888888,0.5294117647058824,0.6069364161849711,0.6285714285714287,0.5263157894736842
326,3270.0,0.5965909090909092,0.5397727272727273,0.6358381502890174,0.6358381502890174,0.6779661016949153,0.6388888888888888,0.5294117647058824,0.6069364161849711,0.6285714285714287,0.5263157894736842
327,3280.0,0.5965909090909092,0.5397727272727273,0.6358381502890174,0.6358381502890174,0.6779661016949153,0.6388888888888888,0.5294117647058824,0.6069364161849711,0.6285714285714287,0.5263157894736842
328,3290.0,0.5965909090909092,0.5397727272727273,0.6358381502890174,0.6358381502890174,0.6779661016949153,0.6388888888888888,0.5294117647058824,0.6069364161849711,0.6285714285714287,0.5263157894736842
329,3300.0,0.6179775280898876,0.5397727272727273,0.6358381502890174,0.6358381502890174,0.6779661016949153,0.6388888888888888,0.5555555555555556,0.6069364161849711,0.6285714285714287,0.5263157894736842
330,3310.0,0.6179775280898876,0.5397727272727273,0.6358381502890174,0.6358381502890174,0.6779661016949153,0.6388888888888888,0.5555555555555556,0.6069364161849711,0.6285714285714287,0.5263157894736842
331,3320.0,0.6179775280898876,0.5397727272727273,0.6358381502890174,0.6358381502890174,0.6779661016949153,0.6388888888888888,0.5555555555555556,0.6069364161849711,0.6285714285714287,0.5263157894736842
332,3330.0,0.6179775280898876,0.5397727272727273,0.6358381502890174,0.6358381502890174,0.6779661016949153,0.6388888888888888,0.5555555555555556,0.6069364161849711,0.6285714285714287,0.5263157894736842
333,3340.0,0.6179775280898876,0.5397727272727273,0.6358381502890174,0.6358381502890174,0.6779661016949153,0.6388888888888888,0.5555555555555556,0.6069364161849711,0.6285714285714287,0.5747126436781609
334,3350.0,0.6179775280898876,0.5649717514124294,0.6358381502890174,0.6358381502890174,0.6779661016949153,0.6388888888888888,0.5555555555555556,0.6069364161849711,0.6285714285714287,0.5747126436781609
335,3360.0,0.6179775280898876,0.5649717514124294,0.6358381502890174,0.6358381502890174,0.6779661016949153,0.6388888888888888,0.5555555555555556,0.6069364161849711,0.6285714285714287,0.5747126436781609
336,3370.0,0.6424581005586592,0.5649717514124294,0.6358381502890174,0.6358381502890174,0.6779661016949153,0.6388888888888888,0.5555555555555556,0.6069364161849711,0.6285714285714287,0.5747126436781609
337,3380.0,0.6424581005586592,0.5649717514124294,0.6358381502890174,0.6358381502890174,0.6779661016949153,0.6388888888888888,0.5555555555555556,0.6069364161849711,0.6285714285714287,0.625
338,3390.0,0.6424581005586592,0.5649717514124294,0.6358381502890174,0.6358381502890174,0.6779661016949153,0.6388888888888888,0.5555555555555556,0.6069364161849711,0.6285714285714287,0.625
339,3400.0,0.6424581005586592,0.5649717514124294,0.6358381502890174,0.6358381502890174,0.6779661016949153,0.6388888888888888,0.5555555555555556,0.6069364161849711,0.6285714285714287,0.625
340,3410.0,0.6424581005586592,0.5649717514124294,0.6358381502890174,0.6358381502890174,0.6779661016949153,0.6388888888888888,0.5555555555555556,0.6321839080459771,0.6285714285714287,0.625
341,3420.0,0.6424581005586592,0.5681818181818182,0.6358381502890174,0.6358381502890174,0.6779661016949153,0.6388888888888888,0.5555555555555556,0.6321839080459771,0.6285714285714287,0.625
342,3430.0,0.6424581005586592,0.5681818181818182,0.6358381502890174,0.6358381502890174,0.6779661016949153,0.6388888888888888,0.5555555555555556,0.6321839080459771,0.6285714285714287,0.625
343,3440.0,0.6424581005586592,0.5681818181818182,0.6358381502890174,0.6358381502890174,0.6779661016949153,0.6388888888888888,0.5555555555555556,0.6321839080459771,0.6285714285714287,0.625
344,3450.0,0.6424581005586592,0.5932203389830508,0.6358381502890174,0.660919540229885,0.6779661016949153,0.6388888888888888,0.5555555555555556,0.6321839080459771,0.6285714285714287,0.625
345,3460.0,0.6424581005586592,0.5932203389830508,0.6358381502890174,0.660919540229885,0.6779661016949153,0.6388888888888888,0.5555555555555556,0.6321839080459771,0.6285714285714287,0.625
346,3470.0,0.6424581005586592,0.5932203389830508,0.6358381502890174,0.660919540229885,0.6779661016949153,0.6388888888888888,0.5555555555555556,0.6321839080459771,0.6285714285714287,0.625
347,3480.0,0.6424581005586592,0.5932203389830508,0.6358381502890174,0.660919540229885,0.6779661016949153,0.6388888888888888,0.5555555555555556,0.6321839080459771,0.6285714285714287,0.625
348,3490.0,0.6424581005586592,0.5932203389830508,0.6358381502890174,0.660919540229885,0.6779661016949153,0.6388888888888888,0.5555555555555556,0.6321839080459771,0.6285714285714287,0.6741573033707865
349,3500.0,0.6666666666666666,0.5932203389830508,0.6358381502890174,0.660919540229885,0.6779661016949153,0.6388888888888888,0.5555555555555556,0.6321839080459771,0.6285714285714287,0.6741573033707865
350,3510.0,0.6666666666666666,0.5932203389830508,0.6358381502890174,0.660919540229885,0.6779661016949153,0.6388888888888888,0.5555555555555556,0.6321839080459771,0.6285714285714287,0.6741573033707865
351,3520.0,0.6666666666666666,0.5932203389830508,0.6358381502890174,0.660919540229885,0.6779661016949153,0.6388888888888888,0.5555555555555556,0.6321839080459771,0.6285714285714287,0.6741573033707865
352,3530.0,0.6666666666666666,0.5932203389830508,0.6358381502890174,0.660919540229885,0.6779661016949153,0.6388888888888888,0.5555555555555556,0.6321839080459771,0.6285714285714287,0.6741573033707865
353,3540.0,0.6666666666666666,0.5932203389830508,0.6358381502890174,0.660919540229885,0.6779661016949153,0.6388888888888888,0.5555555555555556,0.6321839080459771,0.6285714285714287,0.6741573033707865
354,3550.0,0.6666666666666666,0.5932203389830508,0.6358381502890174,0.660919540229885,0.6779661016949153,0.6388888888888888,0.5555555555555556,0.6321839080459771,0.6285714285714287,0.6741573033707865
355,3560.0,0.6666666666666666,0.5932203389830508,0.6358381502890174,0.660919540229885,0.6779661016949153,0.6388888888888888,0.5555555555555556,0.6321839080459771,0.6285714285714287,0.6741573033707865
356,3570.0,0.6666666666666666,0.5932203389830508,0.6358381502890174,0.660919540229885,0.6779661016949153,0.6388888888888888,0.5555555555555556,0.6321839080459771,0.6285714285714287,0.6741573033707865
357,3580.0,0.6666666666666666,0.5932203389830508,0.6358381502890174,0.660919540229885,0.6779661016949153,0.6388888888888888,0.5555555555555556,0.6321839080459771,0.6285714285714287,0.6741573033707865
358,3590.0,0.6666666666666666,0.5932203389830508,0.6358381502890174,0.660919540229885,0.6779661016949153,0.6388888888888888,0.5555555555555556,0.6321839080459771,0.6285714285714287,0.6741573033707865
359,3600.0,0.6666666666666666,0.5932203389830508,0.6358381502890174,0.660919540229885,0.6779661016949153,0.6388888888888888,0.5555555555555556,0.6321839080459771,0.6285714285714287,0.6741573033707865
360,3610.0,0.6666666666666666,0.5932203389830508,0.6358381502890174,0.660919540229885,0.6779661016949153,0.6388888888888888,0.5555555555555556,0.6321839080459771,0.6285714285714287,0.6741573033707865
361,3620.0,0.6666666666666666,0.5932203389830508,0.6358381502890174,0.660919540229885,0.6779661016949153,0.6388888888888888,0.5555555555555556,0.6321839080459771,0.6285714285714287,0.6741573033707865
362,3630.0,0.6666666666666666,0.5932203389830508,0.6358381502890174,0.660919540229885,0.6779661016949153,0.6388888888888888,0.5555555555555556,0.6321839080459771,0.6285714285714287,0.6741573033707865
363,3640.0,0.6666666666666666,0.5932203389830508,0.6358381502890174,0.660919540229885,0.6779661016949153,0.6388888888888888,0.5555555555555556,0.6321839080459771,0.6285714285714287,0.6741573033707865
364,3650.0,0.6666666666666666,0.5932203389830508,0.6358381502890174,0.660919540229885,0.6779661016949153,0.6388888888888888,0.5555555555555556,0.6321839080459771,0.6285714285714287,0.6741573033707865
365,3660.0,0.6666666666666666,0.5932203389830508,0.6358381502890174,0.660919540229885,0.6779661016949153,0.6388888888888888,0.5555555555555556,0.6321839080459771,0.6285714285714287,0.6741573033707865
366,3670.0,0.6666666666666666,0.5932203389830508,0.6358381502890174,0.660919540229885,0.6779661016949153,0.6388888888888888,0.5555555555555556,0.6321839080459771,0.6285714285714287,0.6741573033707865
367,3680.0,0.6666666666666666,0.5932203389830508,0.6358381502890174,0.660919540229885,0.6779661016949153,0.6388888888888888,0.5555555555555556,0.6321839080459771,0.6285714285714287,0.6741573033707865
368,3690.0,0.6666666666666666,0.5932203389830508,0.6779661016949153,0.7102272727272727,0.6779661016949153,0.6388888888888888,0.5555555555555556,0.6321839080459771,0.6285714285714287,0.6741573033707865
369,3700.0,0.6666666666666666,0.5932203389830508,0.6779661016949153,0.7102272727272727,0.6779661016949153,0.6629834254143647,0.6104651162790697,0.6321839080459771,0.6285714285714287,0.6741573033707865
370,3710.0,0.6666666666666666,0.5932203389830508,0.6779661016949153,0.7102272727272727,0.6779661016949153,0.6629834254143647,0.6104651162790697,0.6321839080459771,0.6285714285714287,0.6741573033707865
371,3720.0,0.6666666666666666,0.5932203389830508,0.6779661016949153,0.7102272727272727,0.6779661016949153,0.6629834254143647,0.6104651162790697,0.6321839080459771,0.6285714285714287,0.6741573033707865
372,3730.0,0.6666666666666666,0.5932203389830508,0.6779661016949153,0.7102272727272727,0.6779661016949153,0.6629834254143647,0.6104651162790697,0.6321839080459771,0.6285714285714287,0.6741573033707865
373,3740.0,0.6666666666666666,0.5932203389830508,0.6779661016949153,0.7102272727272727,0.6779661016949153,0.6629834254143647,0.6104651162790697,0.6321839080459771,0.6534090909090908,0.6741573033707865
374,3750.0,0.6666666666666666,0.5932203389830508,0.6779661016949153,0.7102272727272727,0.6779661016949153,0.6629834254143647,0.6104651162790697,0.6321839080459771,0.6534090909090908,0.6741573033707865
375,3760.0,0.6666666666666666,0.5932203389830508,0.6779661016949153,0.7102272727272727,0.6779661016949153,0.6629834254143647,0.6104651162790697,0.6321839080459771,0.6534090909090908,0.6741573033707865
376,3770.0,0.6666666666666666,0.5932203389830508,0.6857142857142857,0.7102272727272727,0.6779661016949153,0.6629834254143647,0.6104651162790697,0.6321839080459771,0.6534090909090908,0.6741573033707865
377,3780.0,0.6666666666666666,0.5932203389830508,0.6857142857142857,0.7102272727272727,0.6779661016949153,0.6629834254143647,0.6358381502890174,0.6321839080459771,0.6534090909090908,0.6741573033707865
378,3790.0,0.6666666666666666,0.5932203389830508,0.6857142857142857,0.7102272727272727,0.6779661016949153,0.6629834254143647,0.6358381502890174,0.6321839080459771,0.6534090909090908,0.6741573033707865
379,3800.0,0.6666666666666666,0.5932203389830508,0.6857142857142857,0.7102272727272727,0.6741573033707865,0.6629834254143647,0.6358381502890174,0.6321839080459771,0.6534090909090908,0.6741573033707865
380,3810.0,0.6666666666666666,0.5932203389830508,0.6857142857142857,0.7102272727272727,0.6741573033707865,0.6629834254143647,0.6358381502890174,0.6321839080459771,0.6534090909090908,0.6741573033707865
381,3820.0,0.6666666666666666,0.5932203389830508,0.6857142857142857,0.7102272727272727,0.6741573033707865,0.6629834254143647,0.6358381502890174,0.6321839080459771,0.6534090909090908,0.6741573033707865
382,3830.0,0.6666666666666666,0.5932203389830508,0.6857142857142857,0.7102272727272727,0.6741573033707865,0.6868131868131868,0.6358381502890174,0.6321839080459771,0.6534090909090908,0.6741573033707865
383,3840.0,0.6666666666666666,0.5932203389830508,0.6857142857142857,0.7102272727272727,0.6741573033707865,0.6868131868131868,0.6358381502890174,0.6321839080459771,0.6534090909090908,0.6741573033707865
384,3850.0,0.6868131868131868,0.5932203389830508,0.6857142857142857,0.7102272727272727,0.6741573033707865,0.6868131868131868,0.6358381502890174,0.6321839080459771,0.6534090909090908,0.6741573033707865
385,3860.0,0.6868131868131868,0.5932203389830508,0.6857142857142857,0.7102272727272727,0.6741573033707865,0.6868131868131868,0.6358381502890174,0.6321839080459771,0.6534090909090908,0.6983240223463688
386,3870.0,0.6868131868131868,0.5932203389830508,0.6857142857142857,0.7102272727272727,0.6741573033707865,0.6868131868131868,0.6358381502890174,0.6321839080459771,0.6534090909090908,0.6983240223463688
387,3880.0,0.6868131868131868,0.5932203389830508,0.6857142857142857,0.7102272727272727,0.6741573033707865,0.6868131868131868,0.6358381502890174,0.6321839080459771,0.6534090909090908,0.7222222222222222
388,3890.0,0.6868131868131868,0.5898876404494382,0.6857142857142857,0.7102272727272727,0.6741573033707865,0.6868131868131868,0.6358381502890174,0.6321839080459771,0.6779661016949153,0.7222222222222222
389,3900.0,0.6868131868131868,0.5898876404494382,0.6857142857142857,0.7102272727272727,0.6741573033707865,0.6868131868131868,0.6358381502890174,0.6321839080459771,0.6779661016949153,0.7222222222222222
390,3910.0,0.6868131868131868,0.5898876404494382,0.6857142857142857,0.7102272727272727,0.6741573033707865,0.6868131868131868,0.6358381502890174,0.6321839080459771,0.6779661016949153,0.7222222222222222
391,3920.0,0.6868131868131868,0.5898876404494382,0.6857142857142857,0.7102272727272727,0.6741573033707865,0.6868131868131868,0.6358381502890174,0.6321839080459771,0.6779661016949153,0.7222222222222222
392,3930.0,0.6868131868131868,0.6111111111111112,0.6857142857142857,0.7102272727272727,0.6741573033707865,0.6868131868131868,0.6358381502890174,0.6321839080459771,0.6779661016949153,0.7222222222222222
393,3940.0,0.6868131868131868,0.6111111111111112,0.6857142857142857,0.7102272727272727,0.6741573033707865,0.6868131868131868,0.6818181818181819,0.6358381502890174,0.6779661016949153,0.7222222222222222
394,3950.0,0.6868131868131868,0.6111111111111112,0.6857142857142857,0.7102272727272727,0.6741573033707865,0.6868131868131868,0.6818181818181819,0.6571428571428573,0.6779661016949153,0.7222222222222222
395,3960.0,0.6868131868131868,0.6593406593406593,0.6857142857142857,0.7102272727272727,0.6741573033707865,0.6868131868131868,0.6818181818181819,0.6571428571428573,0.6779661016949153,0.7222222222222222
396,3970.0,0.6868131868131868,0.6593406593406593,0.6857142857142857,0.7102272727272727,0.6741573033707865,0.6868131868131868,0.6818181818181819,0.6571428571428573,0.6779661016949153,0.7222222222222222
397,3980.0,0.6868131868131868,0.6593406593406593,0.6857142857142857,0.7102272727272727,0.6741573033707865,0.6868131868131868,0.6818181818181819,0.6818181818181819,0.6779661016949153,0.7222222222222222
398,3990.0,0.6868131868131868,0.6593406593406593,0.6857142857142857,0.7102272727272727,0.6741573033707865,0.6868131868131868,0.6818181818181819,0.6818181818181819,0.6779661016949153,0.7458563535911602
399,4000.0,0.6868131868131868,0.6593406593406593,0.6857142857142857,0.7102272727272727,0.6741573033707865,0.6868131868131868,0.6818181818181819,0.6818181818181819,0.6779661016949153,0.7458563535911602
400,4010.0,0.6868131868131868,0.6593406593406593,0.6857142857142857,0.7102272727272727,0.6741573033707865,0.6868131868131868,0.6818181818181819,0.6818181818181819,0.6779661016949153,0.7458563535911602
401,4020.0,0.6868131868131868,0.6593406593406593,0.6857142857142857,0.7102272727272727,0.6741573033707865,0.6868131868131868,0.6818181818181819,0.6818181818181819,0.6779661016949153,0.7458563535911602
402,4030.0,0.6868131868131868,0.6593406593406593,0.6857142857142857,0.7102272727272727,0.6741573033707865,0.6868131868131868,0.6818181818181819,0.6818181818181819,0.6779661016949153,0.7458563535911602
403,4040.0,0.6868131868131868,0.6593406593406593,0.6857142857142857,0.7102272727272727,0.6741573033707865,0.6868131868131868,0.6818181818181819,0.6818181818181819,0.6779661016949153,0.7458563535911602
404,4050.0,0.6868131868131868,0.6593406593406593,0.6857142857142857,0.7102272727272727,0.6741573033707865,0.6868131868131868,0.6818181818181819,0.6818181818181819,0.6779661016949153,0.7458563535911602
405,4060.0,0.6868131868131868,0.6593406593406593,0.6857142857142857,0.7102272727272727,0.6741573033707865,0.6868131868131868,0.6818181818181819,0.6818181818181819,0.6779661016949153,0.7458563535911602
406,4070.0,0.6868131868131868,0.6593406593406593,0.6857142857142857,0.7102272727272727,0.6741573033707865,0.6868131868131868,0.6818181818181819,0.6818181818181819,0.6779661016949153,0.7458563535911602
407,4080.0,0.6868131868131868,0.6593406593406593,0.6857142857142857,0.7102272727272727,0.6741573033707865,0.6868131868131868,0.6818181818181819,0.6818181818181819,0.6779661016949153,0.7458563535911602
408,4090.0,0.6868131868131868,0.6593406593406593,0.6857142857142857,0.7102272727272727,0.6741573033707865,0.6868131868131868,0.718232044198895,0.7062146892655368,0.6779661016949153,0.7458563535911602
409,4100.0,0.6868131868131868,0.6593406593406593,0.6857142857142857,0.7102272727272727,0.6741573033707865,0.6868131868131868,0.718232044198895,0.7062146892655368,0.6779661016949153,0.7458563535911602
410,4110.0,0.6868131868131868,0.6593406593406593,0.6857142857142857,0.7102272727272727,0.6741573033707865,0.6868131868131868,0.718232044198895,0.7062146892655368,0.6779661016949153,0.7458563535911602
411,4120.0,0.6868131868131868,0.6593406593406593,0.6857142857142857,0.7102272727272727,0.6741573033707865,0.6868131868131868,0.7222222222222222,0.7303370786516854,0.6779661016949153,0.7458563535911602
412,4130.0,0.6868131868131868,0.6593406593406593,0.6857142857142857,0.7344632768361582,0.6741573033707865,0.6868131868131868,0.7222222222222222,0.7303370786516854,0.6779661016949153,0.7458563535911602
413,4140.0,0.6868131868131868,0.6593406593406593,0.6857142857142857,0.7344632768361582,0.6741573033707865,0.6868131868131868,0.7222222222222222,0.7303370786516854,0.6779661016949153,0.7458563535911602
414,4150.0,0.6868131868131868,0.6593406593406593,0.6857142857142857,0.7344632768361582,0.6741573033707865,0.6868131868131868,0.7222222222222222,0.7303370786516854,0.6779661016949153,0.7458563535911602
415,4160.0,0.6868131868131868,0.6593406593406593,0.6857142857142857,0.7344632768361582,0.6741573033707865,0.6868131868131868,0.7222222222222222,0.7303370786516854,0.6779661016949153,0.7458563535911602
416,4170.0,0.6868131868131868,0.6593406593406593,0.6857142857142857,0.7344632768361582,0.6741573033707865,0.6868131868131868,0.7222222222222222,0.7303370786516854,0.6779661016949153,0.7458563535911602
417,4180.0,0.6868131868131868,0.6593406593406593,0.6857142857142857,0.7344632768361582,0.6741573033707865,0.6868131868131868,0.7222222222222222,0.7303370786516854,0.6779661016949153,0.7458563535911602
418,4190.0,0.6868131868131868,0.6593406593406593,0.6857142857142857,0.7344632768361582,0.6741573033707865,0.6868131868131868,0.7222222222222222,0.7303370786516854,0.6818181818181819,0.7458563535911602
419,4200.0,0.6868131868131868,0.6593406593406593,0.6857142857142857,0.7344632768361582,0.6741573033707865,0.6868131868131868,0.7222222222222222,0.7541899441340781,0.6818181818181819,0.7458563535911602
420,4210.0,0.6868131868131868,0.6593406593406593,0.6857142857142857,0.7344632768361582,0.6741573033707865,0.6868131868131868,0.7222222222222222,0.7541899441340781,0.6818181818181819,0.7692307692307694
421,4220.0,0.6868131868131868,0.6593406593406593,0.6857142857142857,0.7344632768361582,0.6741573033707865,0.6868131868131868,0.7222222222222222,0.7541899441340781,0.6818181818181819,0.7692307692307694
422,4230.0,0.6868131868131868,0.6593406593406593,0.6857142857142857,0.7344632768361582,0.6741573033707865,0.6868131868131868,0.7222222222222222,0.7541899441340781,0.6818181818181819,0.7692307692307694
423,4240.0,0.6868131868131868,0.6593406593406593,0.6857142857142857,0.7344632768361582,0.6741573033707865,0.6868131868131868,0.7222222222222222,0.7541899441340781,0.6818181818181819,0.7692307692307694
424,4250.0,0.6868131868131868,0.6593406593406593,0.6857142857142857,0.7344632768361582,0.6741573033707865,0.6868131868131868,0.7222222222222222,0.7541899441340781,0.6818181818181819,0.7692307692307694
425,4260.0,0.6868131868131868,0.6593406593406593,0.6857142857142857,0.7344632768361582,0.6741573033707865,0.6868131868131868,0.7222222222222222,0.7541899441340781,0.6818181818181819,0.7692307692307694
426,4270.0,0.6868131868131868,0.6593406593406593,0.6857142857142857,0.7344632768361582,0.6741573033707865,0.6868131868131868,0.7222222222222222,0.7541899441340781,0.6818181818181819,0.7692307692307694
427,4280.0,0.6868131868131868,0.6629834254143647,0.6857142857142857,0.7344632768361582,0.6741573033707865,0.6868131868131868,0.7222222222222222,0.7541899441340781,0.6818181818181819,0.7692307692307694
428,4290.0,0.6868131868131868,0.6629834254143647,0.6857142857142857,0.7344632768361582,0.6741573033707865,0.6868131868131868,0.7222222222222222,0.7541899441340781,0.6818181818181819,0.7692307692307694
429,4300.0,0.6868131868131868,0.6629834254143647,0.6857142857142857,0.7344632768361582,0.6741573033707865,0.6868131868131868,0.7222222222222222,0.7541899441340781,0.6818181818181819,0.7692307692307694
430,4310.0,0.6868131868131868,0.6666666666666666,0.6857142857142857,0.7344632768361582,0.6983240223463688,0.6868131868131868,0.7222222222222222,0.7541899441340781,0.6818181818181819,0.7692307692307694
431,4320.0,0.6868131868131868,0.6666666666666666,0.6857142857142857,0.7344632768361582,0.6983240223463688,0.6868131868131868,0.7222222222222222,0.7541899441340781,0.6818181818181819,0.7692307692307694
432,4330.0,0.6906077348066297,0.6666666666666666,0.6857142857142857,0.7344632768361582,0.6983240223463688,0.6868131868131868,0.7222222222222222,0.7541899441340781,0.6818181818181819,0.7692307692307694
433,4340.0,0.6906077348066297,0.6666666666666666,0.6857142857142857,0.7344632768361582,0.7222222222222222,0.6868131868131868,0.7222222222222222,0.7541899441340781,0.6818181818181819,0.7692307692307694
434,4350.0,0.6906077348066297,0.6666666666666666,0.6857142857142857,0.7344632768361582,0.7222222222222222,0.6868131868131868,0.7222222222222222,0.7541899441340781,0.6818181818181819,0.7692307692307694
435,4360.0,0.6906077348066297,0.6666666666666666,0.6857142857142857,0.7344632768361582,0.7222222222222222,0.6868131868131868,0.7222222222222222,0.7541899441340781,0.6818181818181819,0.7692307692307694
436,4370.0,0.6906077348066297,0.6666666666666666,0.6857142857142857,0.7344632768361582,0.7222222222222222,0.6868131868131868,0.7222222222222222,0.7541899441340781,0.6818181818181819,0.7692307692307694
437,4380.0,0.6906077348066297,0.6666666666666666,0.6857142857142857,0.7344632768361582,0.7222222222222222,0.6868131868131868,0.7222222222222222,0.7541899441340781,0.6818181818181819,0.7692307692307694
438,4390.0,0.7142857142857143,0.6666666666666666,0.6857142857142857,0.7344632768361582,0.7222222222222222,0.6868131868131868,0.7222222222222222,0.7541899441340781,0.6818181818181819,0.7692307692307694
439,4400.0,0.7142857142857143,0.6666666666666666,0.6857142857142857,0.7344632768361582,0.7222222222222222,0.6868131868131868,0.7222222222222222,0.7541899441340781,0.6818181818181819,0.7692307692307694
440,4410.0,0.7142857142857143,0.6666666666666666,0.6857142857142857,0.7344632768361582,0.7222222222222222,0.6868131868131868,0.7222222222222222,0.7541899441340781,0.6818181818181819,0.7692307692307694
441,4420.0,0.7142857142857143,0.6666666666666666,0.6857142857142857,0.7344632768361582,0.7222222222222222,0.6868131868131868,0.7222222222222222,0.7541899441340781,0.6818181818181819,0.7692307692307694
442,4430.0,0.7142857142857143,0.6666666666666666,0.6857142857142857,0.7344632768361582,0.7222222222222222,0.6868131868131868,0.7222222222222222,0.7541899441340781,0.6818181818181819,0.7692307692307694
443,4440.0,0.7142857142857143,0.6666666666666666,0.689655172413793,0.7344632768361582,0.7222222222222222,0.6868131868131868,0.7222222222222222,0.7541899441340781,0.6818181818181819,0.7692307692307694
444,4450.0,0.7142857142857143,0.6666666666666666,0.689655172413793,0.7344632768361582,0.7222222222222222,0.6868131868131868,0.7222222222222222,0.7541899441340781,0.6818181818181819,0.7692307692307694
445,4460.0,0.7142857142857143,0.6666666666666666,0.689655172413793,0.7344632768361582,0.7222222222222222,0.6868131868131868,0.7222222222222222,0.7541899441340781,0.6818181818181819,0.7692307692307694
446,4470.0,0.7142857142857143,0.6666666666666666,0.689655172413793,0.7344632768361582,0.7222222222222222,0.6868131868131868,0.7222222222222222,0.7541899441340781,0.6818181818181819,0.7692307692307694
447,4480.0,0.7142857142857143,0.6666666666666666,0.689655172413793,0.7344632768361582,0.7222222222222222,0.6868131868131868,0.7222222222222222,0.7541899441340781,0.6818181818181819,0.7692307692307694
448,4490.0,0.7142857142857143,0.6666666666666666,0.6857142857142857,0.7344632768361582,0.7222222222222222,0.6868131868131868,0.7222222222222222,0.7541899441340781,0.6818181818181819,0.7692307692307694
449,4500.0,0.7142857142857143,0.6666666666666666,0.6857142857142857,0.7344632768361582,0.7222222222222222,0.6868131868131868,0.718232044198895,0.7541899441340781,0.6818181818181819,0.7692307692307694
450,4510.0,0.7377049180327869,0.6666666666666666,0.6857142857142857,0.7344632768361582,0.7222222222222222,0.6868131868131868,0.718232044198895,0.7541899441340781,0.6818181818181819,0.7692307692307694
451,4520.0,0.7377049180327869,0.6666666666666666,0.6857142857142857,0.7344632768361582,0.7222222222222222,0.6868131868131868,0.718232044198895,0.7541899441340781,0.6818181818181819,0.7692307692307694
452,4530.0,0.7377049180327869,0.6666666666666666,0.6857142857142857,0.7344632768361582,0.7222222222222222,0.6868131868131868,0.718232044198895,0.7541899441340781,0.6818181818181819,0.7692307692307694
453,4540.0,0.7377049180327869,0.6666666666666666,0.6857142857142857,0.7344632768361582,0.7222222222222222,0.6868131868131868,0.718232044198895,0.7541899441340781,0.6818181818181819,0.7692307692307694
454,4550.0,0.7377049180327869,0.6666666666666666,0.6857142857142857,0.7344632768361582,0.7222222222222222,0.6868131868131868,0.718232044198895,0.7541899441340781,0.6818181818181819,0.7692307692307694
455,4560.0,0.7377049180327869,0.6666666666666666,0.6857142857142857,0.7344632768361582,0.7222222222222222,0.6868131868131868,0.718232044198895,0.7541899441340781,0.6818181818181819,0.7692307692307694
456,4570.0,0.7377049180327869,0.6666666666666666,0.6857142857142857,0.7344632768361582,0.7222222222222222,0.6868131868131868,0.718232044198895,0.7541899441340781,0.6818181818181819,0.7692307692307694
457,4580.0,0.7377049180327869,0.6666666666666666,0.6857142857142857,0.7344632768361582,0.7222222222222222,0.6868131868131868,0.718232044198895,0.7541899441340781,0.6818181818181819,0.7692307692307694
458,4590.0,0.7377049180327869,0.6666666666666666,0.6857142857142857,0.7344632768361582,0.7222222222222222,0.6868131868131868,0.718232044198895,0.7541899441340781,0.6818181818181819,0.7692307692307694
459,4600.0,0.7377049180327869,0.6666666666666666,0.6857142857142857,0.7344632768361582,0.7222222222222222,0.6868131868131868,0.718232044198895,0.7541899441340781,0.6818181818181819,0.7692307692307694
460,4610.0,0.7377049180327869,0.6666666666666666,0.6857142857142857,0.7344632768361582,0.7222222222222222,0.6868131868131868,0.718232044198895,0.7541899441340781,0.6818181818181819,0.7692307692307694
461,4620.0,0.7377049180327869,0.6666666666666666,0.6857142857142857,0.7344632768361582,0.7222222222222222,0.6868131868131868,0.718232044198895,0.7541899441340781,0.6818181818181819,0.7692307692307694
462,4630.0,0.7377049180327869,0.6666666666666666,0.6857142857142857,0.7344632768361582,0.7222222222222222,0.6868131868131868,0.718232044198895,0.7541899441340781,0.6818181818181819,0.7692307692307694
463,4640.0,0.7377049180327869,0.6666666666666666,0.6857142857142857,0.7344632768361582,0.7222222222222222,0.6868131868131868,0.718232044198895,0.7541899441340781,0.6818181818181819,0.7692307692307694
464,4650.0,0.7377049180327869,0.6666666666666666,0.6857142857142857,0.7344632768361582,0.7222222222222222,0.6868131868131868,0.718232044198895,0.7541899441340781,0.6818181818181819,0.7692307692307694
465,4660.0,0.7377049180327869,0.6666666666666666,0.6857142857142857,0.7344632768361582,0.7222222222222222,0.6868131868131868,0.7417582417582417,0.7541899441340781,0.6818181818181819,0.7692307692307694
466,4670.0,0.7377049180327869,0.6666666666666666,0.6857142857142857,0.7344632768361582,0.7222222222222222,0.6868131868131868,0.7417582417582417,0.7541899441340781,0.6818181818181819,0.7692307692307694
467,4680.0,0.7377049180327869,0.6666666666666666,0.6857142857142857,0.7344632768361582,0.7222222222222222,0.6868131868131868,0.7417582417582417,0.7541899441340781,0.6818181818181819,0.7692307692307694
468,4690.0,0.7377049180327869,0.6666666666666666,0.6857142857142857,0.7344632768361582,0.7222222222222222,0.6868131868131868,0.7417582417582417,0.7541899441340781,0.6818181818181819,0.7692307692307694
469,4700.0,0.7377049180327869,0.6666666666666666,0.6857142857142857,0.7344632768361582,0.7222222222222222,0.6868131868131868,0.7417582417582417,0.7541899441340781,0.6818181818181819,0.7692307692307694
470,4710.0,0.7377049180327869,0.6666666666666666,0.6857142857142857,0.7344632768361582,0.7222222222222222,0.6868131868131868,0.7417582417582417,0.7541899441340781,0.6818181818181819,0.7692307692307694
471,4720.0,0.7377049180327869,0.6666666666666666,0.6857142857142857,0.7344632768361582,0.7222222222222222,0.6868131868131868,0.7417582417582417,0.7541899441340781,0.6818181818181819,0.7692307692307694
472,4730.0,0.7377049180327869,0.6666666666666666,0.6857142857142857,0.7344632768361582,0.7222222222222222,0.6868131868131868,0.7417582417582417,0.7541899441340781,0.6818181818181819,0.7692307692307694
473,4740.0,0.7377049180327869,0.6666666666666666,0.6857142857142857,0.7344632768361582,0.7222222222222222,0.6868131868131868,0.7417582417582417,0.7541899441340781,0.6818181818181819,0.7692307692307694
474,4750.0,0.7377049180327869,0.6666666666666666,0.6857142857142857,0.7344632768361582,0.7222222222222222,0.6868131868131868,0.7417582417582417,0.7541899441340781,0.6818181818181819,0.7692307692307694
475,4760.0,0.7377049180327869,0.6906077348066297,0.6857142857142857,0.7344632768361582,0.7222222222222222,0.6868131868131868,0.7417582417582417,0.7541899441340781,0.6818181818181819,0.7692307692307694
476,4770.0,0.7377049180327869,0.6906077348066297,0.6857142857142857,0.7344632768361582,0.7222222222222222,0.6868131868131868,0.7417582417582417,0.7541899441340781,0.6818181818181819,0.7692307692307694
477,4780.0,0.7377049180327869,0.6906077348066297,0.6857142857142857,0.7344632768361582,0.7222222222222222,0.6868131868131868,0.7417582417582417,0.7541899441340781,0.6818181818181819,0.7692307692307694
478,4790.0,0.7377049180327869,0.6906077348066297,0.6857142857142857,0.7344632768361582,0.7222222222222222,0.6868131868131868,0.7417582417582417,0.7541899441340781,0.6818181818181819,0.7692307692307694
479,4800.0,0.7377049180327869,0.6906077348066297,0.6857142857142857,0.7344632768361582,0.7222222222222222,0.6868131868131868,0.7417582417582417,0.7541899441340781,0.6818181818181819,0.7692307692307694
480,4810.0,0.7377049180327869,0.6906077348066297,0.6857142857142857,0.7344632768361582,0.7222222222222222,0.6868131868131868,0.7417582417582417,0.7541899441340781,0.6818181818181819,0.7692307692307694
481,4820.0,0.7377049180327869,0.6944444444444444,0.6857142857142857,0.7344632768361582,0.7222222222222222,0.6868131868131868,0.7417582417582417,0.7541899441340781,0.6779661016949153,0.7692307692307694
482,4830.0,0.7377049180327869,0.6944444444444444,0.6857142857142857,0.7344632768361582,0.7222222222222222,0.6868131868131868,0.7417582417582417,0.7541899441340781,0.6779661016949153,0.7692307692307694
483,4840.0,0.7377049180327869,0.6944444444444444,0.6857142857142857,0.7344632768361582,0.7222222222222222,0.6868131868131868,0.7417582417582417,0.7541899441340781,0.6779661016949153,0.7692307692307694
484,4850.0,0.7377049180327869,0.6944444444444444,0.6857142857142857,0.7344632768361582,0.7222222222222222,0.6868131868131868,0.7417582417582417,0.7541899441340781,0.6779661016949153,0.7692307692307694
485,4860.0,0.7377049180327869,0.6944444444444444,0.6857142857142857,0.7344632768361582,0.7222222222222222,0.6868131868131868,0.7417582417582417,0.7541899441340781,0.6779661016949153,0.7692307692307694
486,4870.0,0.7377049180327869,0.6944444444444444,0.6857142857142857,0.7344632768361582,0.7222222222222222,0.6868131868131868,0.7417582417582417,0.7541899441340781,0.6779661016949153,0.7692307692307694
487,4880.0,0.7377049180327869,0.6944444444444444,0.6857142857142857,0.7344632768361582,0.7222222222222222,0.6868131868131868,0.7417582417582417,0.7541899441340781,0.6779661016949153,0.7692307692307694
488,4890.0,0.7377049180327869,0.6944444444444444,0.6857142857142857,0.7344632768361582,0.7458563535911602,0.6868131868131868,0.7417582417582417,0.7541899441340781,0.6779661016949153,0.7692307692307694
489,4900.0,0.7377049180327869,0.6944444444444444,0.6857142857142857,0.7344632768361582,0.7458563535911602,0.6868131868131868,0.7417582417582417,0.7541899441340781,0.6779661016949153,0.7692307692307694
490,4910.0,0.7377049180327869,0.6944444444444444,0.6857142857142857,0.7344632768361582,0.7458563535911602,0.6868131868131868,0.7417582417582417,0.7541899441340781,0.6779661016949153,0.7692307692307694
491,4920.0,0.7377049180327869,0.6944444444444444,0.6857142857142857,0.7344632768361582,0.7692307692307694,0.6868131868131868,0.7417582417582417,0.7541899441340781,0.6779661016949153,0.7692307692307694
492,4930.0,0.7377049180327869,0.6944444444444444,0.6857142857142857,0.7344632768361582,0.7692307692307694,0.6868131868131868,0.7417582417582417,0.7541899441340781,0.6779661016949153,0.7692307692307694
493,4940.0,0.7377049180327869,0.6944444444444444,0.6857142857142857,0.7344632768361582,0.7692307692307694,0.6830601092896176,0.7417582417582417,0.7541899441340781,0.6779661016949153,0.7692307692307694
494,4950.0,0.7377049180327869,0.6944444444444444,0.6857142857142857,0.7344632768361582,0.7692307692307694,0.6830601092896176,0.7417582417582417,0.7541899441340781,0.6779661016949153,0.7692307692307694
495,4960.0,0.7377049180327869,0.6944444444444444,0.6857142857142857,0.7344632768361582,0.7692307692307694,0.6830601092896176,0.7417582417582417,0.7541899441340781,0.6779661016949153,0.7692307692307694
496,4970.0,0.7377049180327869,0.6944444444444444,0.6857142857142857,0.7344632768361582,0.7692307692307694,0.6830601092896176,0.7417582417582417,0.7541899441340781,0.6779661016949153,0.7692307692307694
497,4980.0,0.7377049180327869,0.6944444444444444,0.6857142857142857,0.7344632768361582,0.7692307692307694,0.6830601092896176,0.7417582417582417,0.7541899441340781,0.6779661016949153,0.7692307692307694
498,4990.0,0.7377049180327869,0.6944444444444444,0.6857142857142857,0.7344632768361582,0.7692307692307694,0.6830601092896176,0.7417582417582417,0.7541899441340781,0.6779661016949153,0.7692307692307694
499,5000.0,0.7377049180327869,0.6944444444444444,0.6857142857142857,0.7344632768361582,0.7692307692307694,0.6830601092896176,0.7417582417582417,0.7541899441340781,0.6779661016949153,0.7692307692307694
